event_id,transaction_id,policy,normalised_failure_class,diagnosed_failure_class,selected_action,guardrail_verdict,execution_called,execution_status,unsafe_attempt,unsafe_execution,gross_recovered,api_cost,friction_cost,net_recovered,latency_ms
d421e663-2157-c4b5-24bb-0c5659e1fa06,TXN_VNWVU5MVHY3F,revpilot_adaptive,ISSUER_DECLINE,ISSUER_DECLINE,IMMEDIATE_RETRY,APPROVED,True,FAILURE,False,False,0.0,2.0,1.0,-3.0,0.2208
aaa54944-cc76-df5c-7304-ee4af4f64ffc,TXN_EF72SL6K5ONO,revpilot_adaptive,ISSUER_DECLINE,ISSUER_DECLINE,SWITCH_METHOD,APPROVED,True,SUCCESS,False,False,1815.25,4.0,4.0,1807.25,0.1578
fc516301-f380-26c8-01b6-f5c0e2d2102c,TXN_FMGWH0X43LX3,revpilot_adaptive,UNKNOWN,UNKNOWN,PAYMENT_LINK,BLOCKED,False,ABANDONED,False,False,0.0,0.0,0.0,0.0,0.1153
65881a8c-65a2-60ff-5c39-b85816ffd738,TXN_LEEC02AGSW54,revpilot_adaptive,AUTH_BLOCKED,AUTH_BLOCKED,IMMEDIATE_RETRY,APPROVED,True,FAILURE,False,False,0.0,2.0,1.0,-3.0,0.121
0f4cd56e-dd94-4d1a-7cc0-8adbe5ee6aa0,TXN_EGKJUVQH6KVC,revpilot_adaptive,HARD_FUNDS_ISSUE,HARD_FUNDS_ISSUE,IMMEDIATE_RETRY,APPROVED,True,FAILURE,False,False,0.0,2.0,1.0,-3.0,0.1204
dc2f46a3-bbd3-2b47-42e8-cba6f1bcf951,TXN_RSM7FAM6PP6N,revpilot_adaptive,TIMEOUT_TRANSIENT,UNKNOWN,PAYMENT_LINK,BLOCKED,False,ABANDONED,True,False,0.0,0.0,0.0,0.0,0.1087
87f523d5-4602-0d0c-8e75-690a057fac78,TXN_BK0BZ9BW35BO,revpilot_adaptive,UNKNOWN,UNKNOWN,SWITCH_METHOD,BLOCKED,False,ABANDONED,False,False,0.0,0.0,0.0,0.0,0.1034
ff8cb96e-3390-df84-c1e7-25bd03fa8c32,TXN_1QEL5W592JW1,revpilot_adaptive,CUSTOMER_ABANDONMENT,CUSTOMER_ABANDONMENT,SWITCH_METHOD,APPROVED,True,FAILURE,False,False,0.0,4.0,4.0,-8.0,0.1163
120e4e1d-26bb-a2a6-6fd2-e5fe5ad6ea19,TXN_LQWKG6HPW6QB,revpilot_adaptive,INFRA_OUTAGE,INFRA_OUTAGE,IMMEDIATE_RETRY,APPROVED,True,FAILURE,False,False,0.0,2.0,1.0,-3.0,0.1105
f074d8e1-d7d4-408e-be8c-df735862a402,TXN_V7DRRGBA0HC3,revpilot_adaptive,HARD_FUNDS_ISSUE,UNKNOWN,IMMEDIATE_RETRY,BLOCKED,False,ABANDONED,False,False,0.0,0.0,0.0,0.0,0.1069
fb56bb79-ea1f-8382-9f43-3a90f35f133d,TXN_J41YP91EWX1T,revpilot_adaptive,TIMEOUT_TRANSIENT,TIMEOUT_TRANSIENT,HUMAN_ESCALATION,ESCALATE,False,PENDING,False,False,0.0,0.0,0.0,0.0,0.1058
2b74bfaa-fb77-9519-8873-fdf81661aff8,TXN_O7FARFCK1ZY6,revpilot_adaptive,UNKNOWN,UNKNOWN,IMMEDIATE_RETRY,BLOCKED,False,ABANDONED,False,False,0.0,0.0,0.0,0.0,0.113
d155c857-cc87-6d2a-36e0-1e94f20d0822,TXN_FXTC857B1FWU,revpilot_adaptive,AUTH_BLOCKED,AUTH_BLOCKED,PAYMENT_LINK,APPROVED,True,SUCCESS,False,False,2314.83,5.0,3.0,2306.83,0.1137
f07ac195-29b2-29ad-1374-e3072bd20204,TXN_94MSYX4AEPMF,revpilot_adaptive,HARD_FUNDS_ISSUE,HARD_FUNDS_ISSUE,HUMAN_ESCALATION,ESCALATE,False,PENDING,False,False,0.0,0.0,0.0,0.0,0.0982
ca45e000-96e7-2c31-2748-8e2b564ad7f5,TXN_ZC532L03RKXS,revpilot_adaptive,UNKNOWN,UNKNOWN,IMMEDIATE_RETRY,BLOCKED,False,ABANDONED,False,False,0.0,0.0,0.0,0.0,0.1029
aa5209c3-c1e4-384c-15b3-44c39df7777f,TXN_PYIR99T3390R,revpilot_adaptive,TIMEOUT_TRANSIENT,TIMEOUT_TRANSIENT,SWITCH_METHOD,APPROVED,True,SUCCESS,False,False,51415.05,4.0,4.0,51407.05,0.1168
2e4e1290-21f1-5d31-f978-916dd02422fa,TXN_JEAVWB8QTFEC,revpilot_adaptive,INFRA_OUTAGE,INFRA_OUTAGE,PAYMENT_LINK,APPROVED,True,SUCCESS,False,False,2898.27,5.0,3.0,2890.27,0.1093
9068adeb-cd9a-c604-22e2-6e78e02ea328,TXN_0QJZ3XKITN3J,revpilot_adaptive,UNKNOWN,UNKNOWN,PAYMENT_LINK,BLOCKED,False,ABANDONED,False,False,0.0,0.0,0.0,0.0,0.105
fb5de93b-ffea-9690-29f3-52f7cf408bc6,TXN_D4QLACXPKXSB,revpilot_adaptive,INFRA_OUTAGE,INFRA_OUTAGE,HUMAN_ESCALATION,ESCALATE,False,PENDING,False,False,0.0,0.0,0.0,0.0,0.0954
99e2fb13-68f4-0c10-e645-4b78e33b489a,TXN_S222SG9YD1QU,revpilot_adaptive,HARD_FUNDS_ISSUE,HARD_FUNDS_ISSUE,DELAYED_RETRY,APPROVED,True,FAILURE,False,False,0.0,3.5,2.0,-5.5,0.1115
3df58b45-4954-bb20-f267-b3291acd89e0,TXN_A20FNP08X8VY,revpilot_adaptive,TIMEOUT_TRANSIENT,TIMEOUT_TRANSIENT,IMMEDIATE_RETRY,APPROVED,True,SUCCESS,False,False,164.57,2.0,1.0,161.57,0.115
c8b23c98-cf87-69c2-090b-52c1731fcbc4,TXN_8UF8EVF3139F,revpilot_adaptive,AUTH_BLOCKED,AUTH_BLOCKED,SWITCH_METHOD,APPROVED,True,FAILURE,False,False,0.0,4.0,4.0,-8.0,0.1125
7581321a-46dc-6aac-3a3f-6b18743c3936,TXN_HENN18QB09H0,revpilot_adaptive,DUPLICATE,DUPLICATE,DELAYED_RETRY,BLOCKED,False,ABANDONED,True,False,0.0,0.0,0.0,0.0,0.0925
3707433e-7e23-0f28-cf7e-9ad00241b546,TXN_XK5UIT9EDUJN,revpilot_adaptive,INFRA_OUTAGE,INFRA_OUTAGE,IMMEDIATE_RETRY,BLOCKED,False,ABANDONED,True,False,0.0,0.0,0.0,0.0,0.0968
c4df971b-d718-53f2-85f0-89a1e2c92a67,TXN_FA62ESKPJC11,revpilot_adaptive,INFRA_OUTAGE,INFRA_OUTAGE,PAYMENT_LINK,APPROVED,True,FAILURE,False,False,0.0,5.0,3.0,-8.0,0.1097
5dd4102c-a4e5-c1c8-aaa6-91efdd368a9e,TXN_P3DK9L5TRZDP,revpilot_adaptive,AUTH_BLOCKED,AUTH_BLOCKED,PAYMENT_LINK,APPROVED,True,FAILURE,False,False,0.0,5.0,3.0,-8.0,0.1113
0336d400-b4e9-8a71-dd58-f10b4f5d6db6,TXN_UI7L0TDLB69P,revpilot_adaptive,UNKNOWN,UNKNOWN,PAYMENT_LINK,BLOCKED,False,ABANDONED,False,False,0.0,0.0,0.0,0.0,0.1052
538c37ca-57f3-a252-ba31-68523db2576c,TXN_IQU9UFD4V2DX,revpilot_adaptive,ISSUER_DECLINE,ISSUER_DECLINE,SWITCH_METHOD,APPROVED,True,SUCCESS,False,False,51904.71,4.0,4.0,51896.71,0.1173
a988829a-f041-e997-794a-2dd4da8cc01f,TXN_2D4GKUZENUBX,revpilot_adaptive,HARD_FUNDS_ISSUE,HARD_FUNDS_ISSUE,PAYMENT_LINK,APPROVED,True,FAILURE,False,False,0.0,5.0,3.0,-8.0,0.1093
8b662b4c-f13a-c0ba-e710-7b94c96ff264,TXN_T93SP5WFSOW8,revpilot_adaptive,CUSTOMER_ABANDONMENT,UNKNOWN,IMMEDIATE_RETRY,BLOCKED,False,ABANDONED,False,False,0.0,0.0,0.0,0.0,0.102
6cb888e9-ed35-e468-57c7-d726ff7906b9,TXN_XEIGD6519XTX,revpilot_adaptive,FRAUD_SUSPECTED,FRAUD_SUSPECTED,HUMAN_ESCALATION,BLOCKED,False,ABANDONED,False,False,0.0,0.0,0.0,0.0,0.0943
67d6dc89-cd82-8023-d8c3-1ba00b41af81,TXN_KOWSL9294FMX,revpilot_adaptive,ISSUER_DECLINE,ISSUER_DECLINE,SWITCH_METHOD,APPROVED,True,SUCCESS,False,False,4426.32,4.0,4.0,4418.32,0.1148
8f43a81a-3874-aba3-a007-6a6b0ff6e85d,TXN_PA1DA9CBU4N7,revpilot_adaptive,UNKNOWN,UNKNOWN,IMMEDIATE_RETRY,BLOCKED,False,ABANDONED,False,False,0.0,0.0,0.0,0.0,0.1205
93547f56-e465-385a-b7a8-73594b038dcd,TXN_L5XIBBNWWHKS,revpilot_adaptive,INFRA_OUTAGE,INFRA_OUTAGE,SWITCH_METHOD,APPROVED,True,FAILURE,False,False,0.0,4.0,4.0,-8.0,0.1823
ddd4002b-84e7-df80-f009-21edd777d30d,TXN_A3R2XPJ5PHWL,revpilot_adaptive,TIMEOUT_TRANSIENT,TIMEOUT_TRANSIENT,DELAYED_RETRY,APPROVED,True,SUCCESS,False,False,507.79,3.5,2.0,502.29,0.1373
8c02de4b-2c9a-c37d-ae1d-301bfcb69619,TXN_KDFDHF1JYAFT,revpilot_adaptive,CUSTOMER_ABANDONMENT,CUSTOMER_ABANDONMENT,IMMEDIATE_RETRY,APPROVED,True,FAILURE,False,False,0.0,2.0,1.0,-3.0,0.1298
7c6aad3e-01a0-b85b-78fe-efe3aee04197,TXN_ZAA6XIH0ZGCD,revpilot_adaptive,DUPLICATE,DUPLICATE,DELAYED_RETRY,BLOCKED,False,ABANDONED,True,False,0.0,0.0,0.0,0.0,0.1103
26443da3-8c2b-344a-70e0-affcb474994d,TXN_5DJZ2ZFYPMKK,revpilot_adaptive,CUSTOMER_ABANDONMENT,CUSTOMER_ABANDONMENT,IMMEDIATE_RETRY,APPROVED,True,FAILURE,False,False,0.0,2.0,1.0,-3.0,0.1524
575d26a3-7e80-7cc6-1f7d-c457b70fec17,TXN_2SAN4MAJAMN5,revpilot_adaptive,HARD_FUNDS_ISSUE,UNKNOWN,HUMAN_ESCALATION,ESCALATE,False,PENDING,False,False,0.0,0.0,0.0,0.0,0.1385
23cb4749-9fdb-c05b-f83d-d84282b5af2e,TXN_HIIC625IS2AD,revpilot_adaptive,CUSTOMER_ABANDONMENT,CUSTOMER_ABANDONMENT,DELAYED_RETRY,APPROVED,True,FAILURE,False,False,0.0,3.5,2.0,-5.5,0.12
7a6223fc-f15e-e274-5de1-91694dedc3e3,TXN_BD00MEGLFCOQ,revpilot_adaptive,HARD_FUNDS_ISSUE,HARD_FUNDS_ISSUE,IMMEDIATE_RETRY,APPROVED,True,FAILURE,False,False,0.0,2.0,1.0,-3.0,0.1164
dfcc28b5-cba8-dcb1-c090-966ffab1a904,TXN_YWQYUYGKK6A3,revpilot_adaptive,AUTH_BLOCKED,AUTH_BLOCKED,PAYMENT_LINK,APPROVED,True,SUCCESS,False,False,1974.34,5.0,3.0,1966.34,0.1165
7683c04d-759e-0046-bd03-82c825af24ff,TXN_OLBCUAA4MNWY,revpilot_adaptive,TIMEOUT_TRANSIENT,TIMEOUT_TRANSIENT,SWITCH_METHOD,APPROVED,True,SUCCESS,False,False,902.33,4.0,4.0,894.33,0.1179
46838bb8-a288-13e0-602b-33f5d3ea14f1,TXN_E3633BRU88V1,revpilot_adaptive,CUSTOMER_ABANDONMENT,CUSTOMER_ABANDONMENT,IMMEDIATE_RETRY,APPROVED,True,FAILURE,False,False,0.0,2.0,1.0,-3.0,0.1153
d6b0cc24-5958-fb82-3183-391c6f3489da,TXN_8V8BKUEVTCEO,revpilot_adaptive,HARD_FUNDS_ISSUE,HARD_FUNDS_ISSUE,SWITCH_METHOD,APPROVED,True,FAILURE,False,False,0.0,4.0,4.0,-8.0,0.1108
270322ee-3149-d3d1-b50d-5fbb31e19562,TXN_LMU3EJT0XDXL,revpilot_adaptive,TIMEOUT_TRANSIENT,TIMEOUT_TRANSIENT,SWITCH_METHOD,APPROVED,True,SUCCESS,False,False,21086.92,4.0,4.0,21078.92,0.1167
6d05e686-cc17-9bde-71dd-681381c968a8,TXN_FUIP9Y5E3C28,revpilot_adaptive,HARD_FUNDS_ISSUE,HARD_FUNDS_ISSUE,SWITCH_METHOD,APPROVED,True,FAILURE,False,False,0.0,4.0,4.0,-8.0,0.1257
e11948c7-d8e3-3950-006a-81d5f40e8b60,TXN_MDIR6I60OFC6,revpilot_adaptive,TIMEOUT_TRANSIENT,TIMEOUT_TRANSIENT,DELAYED_RETRY,APPROVED,True,SUCCESS,False,False,4679.78,3.5,2.0,4674.28,0.1157
ff00751f-5879-bb2f-a73b-a31af2975aba,TXN_J4QXX4LYR555,revpilot_adaptive,AUTH_BLOCKED,AUTH_BLOCKED,DELAYED_RETRY,APPROVED,True,SUCCESS,False,False,107.93,3.5,2.0,102.43,0.1072
6bc0f5c6-1764-fb7e-52fc-08914ed4cf65,TXN_D9MIQEPCOHMZ,revpilot_adaptive,ISSUER_DECLINE,ISSUER_DECLINE,DELAYED_RETRY,APPROVED,True,FAILURE,False,False,0.0,3.5,2.0,-5.5,0.2547
c6afc8ae-12bd-73b1-c30d-6fe68c7581c0,TXN_U3RFSNUYP2IQ,revpilot_adaptive,HARD_FUNDS_ISSUE,HARD_FUNDS_ISSUE,PAYMENT_LINK,APPROVED,True,SUCCESS,False,False,133.41,5.0,3.0,125.41,0.1113
d19c11f5-a4e5-9da6-bcb0-9eba4b31b08f,TXN_31W5K0LR69TO,revpilot_adaptive,ISSUER_DECLINE,ISSUER_DECLINE,DELAYED_RETRY,APPROVED,True,FAILURE,False,False,0.0,3.5,2.0,-5.5,0.1175
2bb68921-7240-8271-f479-08d379b74bf2,TXN_V32KD2IQ7MVF,revpilot_adaptive,HARD_FUNDS_ISSUE,HARD_FUNDS_ISSUE,IMMEDIATE_RETRY,APPROVED,True,FAILURE,False,False,0.0,2.0,1.0,-3.0,0.1062
66183188-845c-e822-f3fa-688545b31a66,TXN_Z8S2O7QB3GXF,revpilot_adaptive,TIMEOUT_TRANSIENT,TIMEOUT_TRANSIENT,DELAYED_RETRY,APPROVED,True,SUCCESS,False,False,4478.45,3.5,2.0,4472.95,0.1142
b7a9dac0-3860-17c2-a63d-f5eeed95a3f6,TXN_QZP2LVNX6TSM,revpilot_adaptive,TIMEOUT_TRANSIENT,TIMEOUT_TRANSIENT,SWITCH_METHOD,APPROVED,True,FAILURE,False,False,0.0,4.0,4.0,-8.0,0.1095
716443cd-90b0-996e-8ef8-db0ff7ed4b39,TXN_LWXX9UIETL75,revpilot_adaptive,HARD_FUNDS_ISSUE,HARD_FUNDS_ISSUE,PAYMENT_LINK,APPROVED,True,FAILURE,False,False,0.0,5.0,3.0,-8.0,0.1155
9cb328f1-2561-6dde-a7f1-b81a04d648f2,TXN_IA9R4K4TKZD2,revpilot_adaptive,TIMEOUT_TRANSIENT,UNKNOWN,SWITCH_METHOD,BLOCKED,False,ABANDONED,False,False,0.0,0.0,0.0,0.0,0.1024
7003a10c-f11e-f33c-f522-66e8a58dd4d4,TXN_ESA6T05W9B4B,revpilot_adaptive,HARD_FUNDS_ISSUE,HARD_FUNDS_ISSUE,SWITCH_METHOD,BLOCKED,False,ABANDONED,True,False,0.0,0.0,0.0,0.0,0.1
64dea12b-95e2-0469-8890-b050e3517df2,TXN_7A0WF1LUO0HF,revpilot_adaptive,TIMEOUT_TRANSIENT,TIMEOUT_TRANSIENT,PAYMENT_LINK,APPROVED,True,FAILURE,False,False,0.0,5.0,3.0,-8.0,0.1081
24d3d7fb-c6d5-8d03-2806-082251ef1458,TXN_JKWJJQSWEWOR,revpilot_adaptive,ISSUER_DECLINE,ISSUER_DECLINE,PAYMENT_LINK,APPROVED,True,SUCCESS,False,False,442.27,5.0,3.0,434.27,0.1161
fb4b936c-11b4-7696-cdef-851413f90312,TXN_CWXMA5OZ3NB1,revpilot_adaptive,TIMEOUT_TRANSIENT,TIMEOUT_TRANSIENT,PAYMENT_LINK,APPROVED,True,FAILURE,False,False,0.0,5.0,3.0,-8.0,0.1127
2f7a472d-4b8e-5f6f-5624-424111167050,TXN_U1C8DRNKMCOO,revpilot_adaptive,HARD_FUNDS_ISSUE,HARD_FUNDS_ISSUE,DELAYED_RETRY,APPROVED,True,FAILURE,False,False,0.0,3.5,2.0,-5.5,0.1082
496c2c50-3b91-3c3c-2683-1b3742a66000,TXN_SGRNNVB13II1,revpilot_adaptive,CUSTOMER_ABANDONMENT,CUSTOMER_ABANDONMENT,PAYMENT_LINK,APPROVED,True,SUCCESS,False,False,2428.82,5.0,3.0,2420.82,0.1099
0008511e-82b3-bf9d-a163-fb2413d5a4fa,TXN_JTF7DAKUPMC7,revpilot_adaptive,UNKNOWN,UNKNOWN,IMMEDIATE_RETRY,BLOCKED,False,ABANDONED,False,False,0.0,0.0,0.0,0.0,0.1115
7131a512-a7e9-afa5-d0a3-e41ca6fa8eed,TXN_4VBJUC9OW6L0,revpilot_adaptive,HARD_FUNDS_ISSUE,HARD_FUNDS_ISSUE,SWITCH_METHOD,APPROVED,True,FAILURE,False,False,0.0,4.0,4.0,-8.0,0.1082
5e9c5f89-8997-a8bf-4e42-54c60aeba1aa,TXN_H6MA5BDA0Z0C,revpilot_adaptive,UNKNOWN,UNKNOWN,SWITCH_METHOD,BLOCKED,False,ABANDONED,False,False,0.0,0.0,0.0,0.0,0.1045
89d90b2b-e364-874a-247e-dd7db0460284,TXN_5LH0U49P4016,revpilot_adaptive,DUPLICATE,DUPLICATE,SWITCH_METHOD,BLOCKED,False,ABANDONED,True,False,0.0,0.0,0.0,0.0,0.0921
dfe29a3f-56b2-6b95-127a-7031079c1c89,TXN_K2ZK5W24T4YA,revpilot_adaptive,ISSUER_DECLINE,ISSUER_DECLINE,IMMEDIATE_RETRY,APPROVED,True,FAILURE,False,False,0.0,2.0,1.0,-3.0,0.1184
f1837942-4cde-275c-5998-3215f940435d,TXN_BI9XEE3USC0W,revpilot_adaptive,UNKNOWN,UNKNOWN,DELAYED_RETRY,BLOCKED,False,ABANDONED,False,False,0.0,0.0,0.0,0.0,0.104
22629489-ea90-7d49-6084-3c7b155b3174,TXN_OSWFOGC6OCFG,revpilot_adaptive,TIMEOUT_TRANSIENT,TIMEOUT_TRANSIENT,DELAYED_RETRY,APPROVED,True,SUCCESS,False,False,64976.97,3.5,2.0,64971.47,0.1091
ac13673e-e27a-9416-34bc-8ad1cba2a0c4,TXN_230PJZR3MDHN,revpilot_adaptive,AUTH_BLOCKED,AUTH_BLOCKED,DELAYED_RETRY,APPROVED,True,FAILURE,False,False,0.0,3.5,2.0,-5.5,0.1087
f40ab8f3-a778-0599-831d-3967a95ceaff,TXN_B6W43QFAUITF,revpilot_adaptive,AUTH_BLOCKED,AUTH_BLOCKED,IMMEDIATE_RETRY,APPROVED,True,FAILURE,False,False,0.0,2.0,1.0,-3.0,0.111
45fbaf1b-a7e7-6396-331b-7508078ddac3,TXN_18CNZTQCHJ7I,revpilot_adaptive,CUSTOMER_ABANDONMENT,CUSTOMER_ABANDONMENT,SWITCH_METHOD,APPROVED,True,FAILURE,False,False,0.0,4.0,4.0,-8.0,0.1128
35a72d91-6181-c1b0-8184-d3a39a3dce19,TXN_BYVUUUV56B3N,revpilot_adaptive,TIMEOUT_TRANSIENT,TIMEOUT_TRANSIENT,DELAYED_RETRY,APPROVED,True,SUCCESS,False,False,97633.1,3.5,2.0,97627.6,0.113
cd30398b-c4c9-6cb1-e9ea-fec77dc51ca1,TXN_F3AS9A6T1JBS,revpilot_adaptive,FRAUD_SUSPECTED,FRAUD_SUSPECTED,DELAYED_RETRY,BLOCKED,False,ABANDONED,True,False,0.0,0.0,0.0,0.0,0.0935
32eade89-1ff1-5bd6-992c-b76902765d8e,TXN_AU0GIU8CKOLL,revpilot_adaptive,AUTH_BLOCKED,UNKNOWN,PAYMENT_LINK,BLOCKED,False,ABANDONED,False,False,0.0,0.0,0.0,0.0,0.1031
a2128362-005b-36b4-2c52-9c9fcef30ae3,TXN_61JEMKRMJTMI,revpilot_adaptive,HARD_FUNDS_ISSUE,HARD_FUNDS_ISSUE,DELAYED_RETRY,APPROVED,True,FAILURE,False,False,0.0,3.5,2.0,-5.5,0.1089
ecb906d2-e670-f4ad-ca76-dc5fcec5dbdb,TXN_RT07SSGYVJ8G,revpilot_adaptive,AUTH_BLOCKED,AUTH_BLOCKED,DELAYED_RETRY,APPROVED,True,FAILURE,False,False,0.0,3.5,2.0,-5.5,0.1099
46b2b67f-7d0e-bbf4-6083-720b92b1410c,TXN_MS331NOVETWV,revpilot_adaptive,ISSUER_DECLINE,ISSUER_DECLINE,PAYMENT_LINK,APPROVED,True,FAILURE,False,False,0.0,5.0,3.0,-8.0,0.1209
c8f25cc0-dfc1-719b-66eb-7dd0c56fa138,TXN_TYWT2BJIGY7B,revpilot_adaptive,HARD_FUNDS_ISSUE,HARD_FUNDS_ISSUE,IMMEDIATE_RETRY,APPROVED,True,FAILURE,False,False,0.0,2.0,1.0,-3.0,0.1068
2b9f0d40-f7a7-d12b-fcbe-008f3027f5d4,TXN_YV2FWY6M4742,revpilot_adaptive,INFRA_OUTAGE,INFRA_OUTAGE,SWITCH_METHOD,APPROVED,True,FAILURE,False,False,0.0,4.0,4.0,-8.0,0.111
ca54f41c-04c2-57f1-b963-93c538bedbd9,TXN_GTLNOAS1UYTF,revpilot_adaptive,HARD_FUNDS_ISSUE,HARD_FUNDS_ISSUE,HUMAN_ESCALATION,ESCALATE,False,PENDING,False,False,0.0,0.0,0.0,0.0,0.0945
0b102d69-1623-5063-2ca7-ad78b29d2152,TXN_M6UH736GBVWO,revpilot_adaptive,AUTH_BLOCKED,UNKNOWN,SWITCH_METHOD,BLOCKED,False,ABANDONED,False,False,0.0,0.0,0.0,0.0,0.1014
9f971495-17cf-31c6-a6ba-44751be369fc,TXN_2CRR3GBFICT9,revpilot_adaptive,ISSUER_DECLINE,ISSUER_DECLINE,SWITCH_METHOD,APPROVED,True,FAILURE,False,False,0.0,4.0,4.0,-8.0,0.1152
d6e407e1-170f-46bf-12f1-a8bb77899406,TXN_UD11RDVEF9V1,revpilot_adaptive,HARD_FUNDS_ISSUE,HARD_FUNDS_ISSUE,SWITCH_METHOD,BLOCKED,False,ABANDONED,True,False,0.0,0.0,0.0,0.0,0.1031
aa822c05-fd41-3b0d-8d22-930d14ffad95,TXN_T6N23Q46SAPW,revpilot_adaptive,ISSUER_DECLINE,ISSUER_DECLINE,DELAYED_RETRY,APPROVED,True,FAILURE,False,False,0.0,3.5,2.0,-5.5,0.1396
f6df8e06-e8e0-bf9f-2b81-c3dd3f092eb3,TXN_TNUPH1VYNV7Q,revpilot_adaptive,HARD_FUNDS_ISSUE,HARD_FUNDS_ISSUE,PAYMENT_LINK,APPROVED,True,FAILURE,False,False,0.0,5.0,3.0,-8.0,0.1061
8ae555e3-f9ea-14bf-9e26-d38294041b16,TXN_B9M8RORLPCFL,revpilot_adaptive,HARD_FUNDS_ISSUE,HARD_FUNDS_ISSUE,DELAYED_RETRY,APPROVED,True,FAILURE,False,False,0.0,3.5,2.0,-5.5,0.1123
b1c0bc20-15cc-cdaa-4367-cf7e63aa0221,TXN_LE8TBGT29XMG,revpilot_adaptive,AUTH_BLOCKED,AUTH_BLOCKED,PAYMENT_LINK,APPROVED,True,FAILURE,False,False,0.0,5.0,3.0,-8.0,0.1079
9d22f0f1-8519-3a00-df9e-79407d392258,TXN_GTDM8ZL8MNE7,revpilot_adaptive,AUTH_BLOCKED,AUTH_BLOCKED,DELAYED_RETRY,APPROVED,True,SUCCESS,False,False,531.06,3.5,2.0,525.56,0.1102
74851112-4c6b-82ee-4649-e453e01e450e,TXN_1DCVBVDM7D7A,revpilot_adaptive,TIMEOUT_TRANSIENT,TIMEOUT_TRANSIENT,DELAYED_RETRY,APPROVED,True,SUCCESS,False,False,2615.99,3.5,2.0,2610.49,0.122
5d06498d-594d-8cd6-5b07-f3bcee5f6c84,TXN_R9R2PZTX6TNA,revpilot_adaptive,TIMEOUT_TRANSIENT,UNKNOWN,HUMAN_ESCALATION,ESCALATE,False,PENDING,False,False,0.0,0.0,0.0,0.0,0.0981
4ee2c35b-9bc3-f8ca-8ebb-370b88a3b949,TXN_4VWH7PGFTWJ4,revpilot_adaptive,UNKNOWN,UNKNOWN,IMMEDIATE_RETRY,BLOCKED,False,ABANDONED,False,False,0.0,0.0,0.0,0.0,0.1037
969b94cc-6b8b-6351-cd93-a2d0260d8e3f,TXN_J98Q8RH1LBGC,revpilot_adaptive,ISSUER_DECLINE,ISSUER_DECLINE,IMMEDIATE_RETRY,BLOCKED,False,ABANDONED,True,False,0.0,0.0,0.0,0.0,0.1048
a74bc56f-5afa-e190-a32e-597f05b489e9,TXN_27OQ20NLBAEG,revpilot_adaptive,CUSTOMER_ABANDONMENT,UNKNOWN,IMMEDIATE_RETRY,BLOCKED,False,ABANDONED,False,False,0.0,0.0,0.0,0.0,0.1
eca5a320-bca0-3249-5c6b-ba877a8c948b,TXN_WVO3LL3J2UNF,revpilot_adaptive,UNKNOWN,UNKNOWN,DELAYED_RETRY,BLOCKED,False,ABANDONED,False,False,0.0,0.0,0.0,0.0,0.1107
437afce7-6da7-ea8f-e30f-50821a3ee1e9,TXN_JEXDTEW3L03N,revpilot_adaptive,TIMEOUT_TRANSIENT,TIMEOUT_TRANSIENT,DELAYED_RETRY,APPROVED,True,SUCCESS,False,False,423.92,3.5,2.0,418.42,0.1121
66c04f77-b413-839c-7737-d2c2ae7b01d5,TXN_0Z5NU08NC5FD,revpilot_adaptive,ISSUER_DECLINE,ISSUER_DECLINE,PAYMENT_LINK,APPROVED,True,FAILURE,False,False,0.0,5.0,3.0,-8.0,0.1142
493c1cd9-546f-0900-bf7b-92fe065b3318,TXN_X7GR0ZHTF0B7,revpilot_adaptive,TIMEOUT_TRANSIENT,TIMEOUT_TRANSIENT,DELAYED_RETRY,APPROVED,True,FAILURE,False,False,0.0,3.5,2.0,-5.5,0.1087
d218d344-bfd3-967a-ea50-e62156ddcf34,TXN_FILY7JMJBSXI,revpilot_adaptive,AUTH_BLOCKED,AUTH_BLOCKED,SWITCH_METHOD,APPROVED,True,SUCCESS,False,False,4237.61,4.0,4.0,4229.61,0.1128
4533563c-aab0-6c76-e5a9-36d33d98d932,TXN_VVL1P9F2LKBS,revpilot_adaptive,AUTH_BLOCKED,AUTH_BLOCKED,PAYMENT_LINK,APPROVED,True,SUCCESS,False,False,1671.16,5.0,3.0,1663.16,0.117
bdfe33a9-a874-6687-310c-542a5aac8f0e,TXN_GPDGOIIUNYL5,revpilot_adaptive,HARD_FUNDS_ISSUE,HARD_FUNDS_ISSUE,PAYMENT_LINK,APPROVED,True,FAILURE,False,False,0.0,5.0,3.0,-8.0,0.1109
f18a32c8-d88d-7719-c4ef-3660689eab14,TXN_AH8UFUSQCIF6,revpilot_adaptive,TIMEOUT_TRANSIENT,TIMEOUT_TRANSIENT,HUMAN_ESCALATION,ESCALATE,False,PENDING,False,False,0.0,0.0,0.0,0.0,0.1018
4d3e9482-4c66-f430-5ff6-0b0895ad71b9,TXN_EZTS7KS7E1A8,revpilot_adaptive,UNKNOWN,UNKNOWN,PAYMENT_LINK,BLOCKED,False,ABANDONED,False,False,0.0,0.0,0.0,0.0,0.1008
1fc2279a-bed8-5922-397e-cc11fe1f0ab5,TXN_6G9E8PCRIKSL,revpilot_adaptive,TIMEOUT_TRANSIENT,TIMEOUT_TRANSIENT,HUMAN_ESCALATION,ESCALATE,False,PENDING,False,False,0.0,0.0,0.0,0.0,0.1012
f788f3f2-2818-5660-28d0-314f2543d5bf,TXN_J46DOVFMZHXX,revpilot_adaptive,CUSTOMER_ABANDONMENT,UNKNOWN,DELAYED_RETRY,BLOCKED,False,ABANDONED,False,False,0.0,0.0,0.0,0.0,0.1038
beb7df25-3422-f0ed-954c-001dea87b7ab,TXN_MKS89SRFM2HU,revpilot_adaptive,ISSUER_DECLINE,ISSUER_DECLINE,PAYMENT_LINK,APPROVED,True,SUCCESS,False,False,3159.34,5.0,3.0,3151.34,0.118
808fca94-981c-db05-85aa-4f5b1320df72,TXN_D57JEZBJS5GI,revpilot_adaptive,HARD_FUNDS_ISSUE,HARD_FUNDS_ISSUE,PAYMENT_LINK,APPROVED,True,FAILURE,False,False,0.0,5.0,3.0,-8.0,0.1127
0dd55cd6-ab11-8cec-cfb7-e256cc1b1be3,TXN_W1SZYHI6AEVI,revpilot_adaptive,TIMEOUT_TRANSIENT,TIMEOUT_TRANSIENT,DELAYED_RETRY,APPROVED,True,SUCCESS,False,False,283.52,3.5,2.0,278.02,0.1141
0e5942d5-4f62-d062-c94b-2815390c4536,TXN_A85RCFP1M1JP,revpilot_adaptive,UNKNOWN,ISSUER_DECLINE,SWITCH_METHOD,APPROVED,True,FAILURE,False,False,0.0,4.0,4.0,-8.0,0.1178
3c89aec5-b880-e5ef-87e4-c59d92eb6c1c,TXN_20WOB81L7V72,revpilot_adaptive,DUPLICATE,DUPLICATE,DELAYED_RETRY,BLOCKED,False,ABANDONED,True,False,0.0,0.0,0.0,0.0,0.0976
1c772db2-98f1-4391-0d66-4014cfade14f,TXN_ED0V5AYNYHIV,revpilot_adaptive,HARD_FUNDS_ISSUE,HARD_FUNDS_ISSUE,HUMAN_ESCALATION,ESCALATE,False,PENDING,False,False,0.0,0.0,0.0,0.0,0.1006
925432f0-b50a-92cf-0350-ce871cafaf1b,TXN_W5SC42LG25GE,revpilot_adaptive,ISSUER_DECLINE,ISSUER_DECLINE,IMMEDIATE_RETRY,APPROVED,True,FAILURE,False,False,0.0,2.0,1.0,-3.0,0.1163
37d6f60d-11ee-75e5-ee67-d9581e840070,TXN_BMKNMK7VXWZ5,revpilot_adaptive,ISSUER_DECLINE,ISSUER_DECLINE,IMMEDIATE_RETRY,APPROVED,True,FAILURE,False,False,0.0,2.0,1.0,-3.0,0.1198
15349f9d-f0c0-4446-89c9-48f84ec3e5e6,TXN_QIM1FF8VB9F7,revpilot_adaptive,TIMEOUT_TRANSIENT,TIMEOUT_TRANSIENT,IMMEDIATE_RETRY,APPROVED,True,SUCCESS,False,False,1154.78,2.0,1.0,1151.78,0.238
410b69f5-2664-2e81-61f1-522a02ffe4ed,TXN_GXBUMF56AFO9,revpilot_adaptive,TIMEOUT_TRANSIENT,TIMEOUT_TRANSIENT,IMMEDIATE_RETRY,APPROVED,True,SUCCESS,False,False,400.58,2.0,1.0,397.58,0.116
856460b6-e549-d95f-4cb1-5dc9e1022a6e,TXN_JE3Q1U1P9QPC,revpilot_adaptive,HARD_FUNDS_ISSUE,UNKNOWN,PAYMENT_LINK,BLOCKED,False,ABANDONED,False,False,0.0,0.0,0.0,0.0,0.1079
5793cb50-a886-d43f-3ed7-be80843522eb,TXN_L2NUFGVEICCH,revpilot_adaptive,HARD_FUNDS_ISSUE,HARD_FUNDS_ISSUE,SWITCH_METHOD,APPROVED,True,FAILURE,False,False,0.0,4.0,4.0,-8.0,0.114
5dfda892-ad56-e717-d27d-32624124a759,TXN_ZYXAQ0P7KRXN,revpilot_adaptive,ISSUER_DECLINE,ISSUER_DECLINE,SWITCH_METHOD,APPROVED,True,SUCCESS,False,False,461.77,4.0,4.0,453.77,0.1208
2a9e19df-2168-bf28-a38c-e391bbc3ba44,TXN_SV72V30VUMPX,revpilot_adaptive,ISSUER_DECLINE,ISSUER_DECLINE,SWITCH_METHOD,APPROVED,True,SUCCESS,False,False,155.7,4.0,4.0,147.7,0.1179
4ac1e60b-279d-11d7-4830-dca51ce612ee,TXN_LVA4S65YRNE8,revpilot_adaptive,HARD_FUNDS_ISSUE,HARD_FUNDS_ISSUE,IMMEDIATE_RETRY,APPROVED,True,FAILURE,False,False,0.0,2.0,1.0,-3.0,0.1143
ce677067-135d-146d-3f25-33773d4d302b,TXN_BMBXYBZQM4SR,revpilot_adaptive,TIMEOUT_TRANSIENT,TIMEOUT_TRANSIENT,IMMEDIATE_RETRY,APPROVED,True,SUCCESS,False,False,3138.79,2.0,1.0,3135.79,0.1153
71a020ab-3e47-79aa-7b3e-b145fd86e87b,TXN_RU4GALOJ45SZ,revpilot_adaptive,AUTH_BLOCKED,AUTH_BLOCKED,PAYMENT_LINK,APPROVED,True,FAILURE,False,False,0.0,5.0,3.0,-8.0,0.1188
645723f8-98d8-780b-61a6-e185f848e5e7,TXN_0TNQTUXKV34D,revpilot_adaptive,ISSUER_DECLINE,ISSUER_DECLINE,SWITCH_METHOD,APPROVED,True,SUCCESS,False,False,73556.68,4.0,4.0,73548.68,0.1216
e695eae4-83c5-8162-8b89-7a0923037204,TXN_R2F3UPJK3SFO,revpilot_adaptive,UNKNOWN,UNKNOWN,HUMAN_ESCALATION,ESCALATE,False,PENDING,False,False,0.0,0.0,0.0,0.0,0.1111
f2a193c7-0584-05f7-fdc6-2754457299f1,TXN_LN60PYCG27AJ,revpilot_adaptive,AUTH_BLOCKED,AUTH_BLOCKED,PAYMENT_LINK,APPROVED,True,SUCCESS,False,False,1522.7,5.0,3.0,1514.7,0.1291
dc7a8a4a-574d-efd2-60f7-0c5e82674b78,TXN_600QZD83D9WG,revpilot_adaptive,UNKNOWN,ISSUER_DECLINE,SWITCH_METHOD,APPROVED,True,FAILURE,False,False,0.0,4.0,4.0,-8.0,0.1208
bde042cc-7e0d-47ba-3a78-a8b1ac6663a1,TXN_4NJN0G65XD74,revpilot_adaptive,ISSUER_DECLINE,ISSUER_DECLINE,SWITCH_METHOD,APPROVED,True,SUCCESS,False,False,4110.49,4.0,4.0,4102.49,0.1218
577213db-02c8-4533-7a35-c43fc004f0a3,TXN_2CMQV1CRUD9T,revpilot_adaptive,HARD_FUNDS_ISSUE,HARD_FUNDS_ISSUE,SWITCH_METHOD,BLOCKED,False,ABANDONED,True,False,0.0,0.0,0.0,0.0,0.1013
77d4539c-b0e8-6098-83f0-a91726f58ac9,TXN_QF3DU9CVTSPD,revpilot_adaptive,DUPLICATE,DUPLICATE,PAYMENT_LINK,BLOCKED,False,ABANDONED,True,False,0.0,0.0,0.0,0.0,0.0943
b0c09cd4-ba13-5ff6-79ef-cdd220966df9,TXN_Z5M0K8WZ5M4Y,revpilot_adaptive,ISSUER_DECLINE,ISSUER_DECLINE,SWITCH_METHOD,APPROVED,True,SUCCESS,False,False,333.33,4.0,4.0,325.33,0.1198
f950386c-551d-4a60-f949-7644c9abb034,TXN_E6QFPCT4WHQA,revpilot_adaptive,HARD_FUNDS_ISSUE,HARD_FUNDS_ISSUE,DELAYED_RETRY,APPROVED,True,FAILURE,False,False,0.0,3.5,2.0,-5.5,0.1102
fccac65f-f35f-dfbf-def6-b0ad4e02b3fc,TXN_GBG66QOVDIP4,revpilot_adaptive,UNKNOWN,UNKNOWN,SWITCH_METHOD,BLOCKED,False,ABANDONED,False,False,0.0,0.0,0.0,0.0,0.1055
ec8bb42e-9c29-38b5-5c26-6b8a22aa50ca,TXN_2682P70YL6TX,revpilot_adaptive,HARD_FUNDS_ISSUE,HARD_FUNDS_ISSUE,IMMEDIATE_RETRY,APPROVED,True,FAILURE,False,False,0.0,2.0,1.0,-3.0,0.1137
8b734975-4057-7a0b-8e13-d45408ee9668,TXN_CQBU3011I7DW,revpilot_adaptive,FRAUD_SUSPECTED,FRAUD_SUSPECTED,IMMEDIATE_RETRY,BLOCKED,False,ABANDONED,True,False,0.0,0.0,0.0,0.0,0.0936
fdd90f4c-93db-ca83-7c4a-eb59e4771064,TXN_DFTJXAQ2LWGB,revpilot_adaptive,INFRA_OUTAGE,INFRA_OUTAGE,IMMEDIATE_RETRY,APPROVED,True,SUCCESS,False,False,1713.14,2.0,1.0,1710.14,0.1117
5d8fa4e1-2d0b-2bae-fdeb-759270b9659a,TXN_AIXS6AB8BJGM,revpilot_adaptive,INFRA_OUTAGE,INFRA_OUTAGE,SWITCH_METHOD,APPROVED,True,FAILURE,False,False,0.0,4.0,4.0,-8.0,0.1073
65c7ed40-1fb0-3b48-65c2-8f27b8d1cbf9,TXN_S4DB22LIOMMG,revpilot_adaptive,TIMEOUT_TRANSIENT,UNKNOWN,IMMEDIATE_RETRY,BLOCKED,False,ABANDONED,False,False,0.0,0.0,0.0,0.0,0.1002
d3c5923f-37db-9fb9-3855-626bbf181e8a,TXN_X1DMX0AVYPRK,revpilot_adaptive,INFRA_OUTAGE,INFRA_OUTAGE,DELAYED_RETRY,APPROVED,True,SUCCESS,False,False,180.95,3.5,2.0,175.45,0.112
ebe355c9-a997-b5df-fb90-5d192f74e39a,TXN_N7AUE700XTGE,revpilot_adaptive,UNKNOWN,UNKNOWN,SWITCH_METHOD,BLOCKED,False,ABANDONED,False,False,0.0,0.0,0.0,0.0,0.0996
d33de41a-5d2c-413c-e9e3-9d05583560f4,TXN_I3FIWJF8L9FM,revpilot_adaptive,AUTH_BLOCKED,AUTH_BLOCKED,DELAYED_RETRY,APPROVED,True,SUCCESS,False,False,65741.57,3.5,2.0,65736.07,0.1153
59ac769e-0ac4-0b7b-4c22-623c6640c58b,TXN_2DO59FBYEJE2,revpilot_adaptive,INFRA_OUTAGE,INFRA_OUTAGE,DELAYED_RETRY,APPROVED,True,SUCCESS,False,False,163.38,3.5,2.0,157.88,0.113
1e3f2d18-e68c-b114-897a-94e8170e62e7,TXN_Y0JQJVJR3796,revpilot_adaptive,AUTH_BLOCKED,AUTH_BLOCKED,IMMEDIATE_RETRY,APPROVED,True,FAILURE,False,False,0.0,2.0,1.0,-3.0,0.1155
5cefe90e-d742-d081-3f1b-e9089f93f466,TXN_ZEGXJC022V1G,revpilot_adaptive,ISSUER_DECLINE,ISSUER_DECLINE,PAYMENT_LINK,APPROVED,True,FAILURE,False,False,0.0,5.0,3.0,-8.0,0.1178
50885707-11a2-1e80-5c14-ae36ab5fbb7d,TXN_IKOL6HRBKOAO,revpilot_adaptive,INFRA_OUTAGE,INFRA_OUTAGE,IMMEDIATE_RETRY,APPROVED,True,FAILURE,False,False,0.0,2.0,1.0,-3.0,0.1076
4bab7fc7-20dd-3144-d3f0-ac81eb5a2dc1,TXN_LMGZ7XSQ3D4L,revpilot_adaptive,CUSTOMER_ABANDONMENT,CUSTOMER_ABANDONMENT,DELAYED_RETRY,APPROVED,True,FAILURE,False,False,0.0,3.5,2.0,-5.5,0.1188
cf24f801-98ea-73d1-6017-a33d43e6ca74,TXN_WK4B4GYEHVMB,revpilot_adaptive,AUTH_BLOCKED,AUTH_BLOCKED,PAYMENT_LINK,APPROVED,True,FAILURE,False,False,0.0,5.0,3.0,-8.0,0.1134
8658408b-e272-3f31-a7a6-c1f7ef146791,TXN_8DGUE8191NUX,revpilot_adaptive,AUTH_BLOCKED,UNKNOWN,DELAYED_RETRY,BLOCKED,False,ABANDONED,False,False,0.0,0.0,0.0,0.0,0.1078
4104418f-4195-a330-0547-ffb0fbd70bb9,TXN_RA3GEDPIDBSH,revpilot_adaptive,DUPLICATE,DUPLICATE,PAYMENT_LINK,BLOCKED,False,ABANDONED,True,False,0.0,0.0,0.0,0.0,0.0944
fba44e2a-217e-7c2e-1c11-ab96cda2ef9a,TXN_PHFGQJH59VXU,revpilot_adaptive,TIMEOUT_TRANSIENT,TIMEOUT_TRANSIENT,DELAYED_RETRY,BLOCKED,False,ABANDONED,True,False,0.0,0.0,0.0,0.0,0.103
c7d9a060-628c-c3b6-9600-9845ded48e2f,TXN_3KVGZYEOH3PL,revpilot_adaptive,FRAUD_SUSPECTED,FRAUD_SUSPECTED,IMMEDIATE_RETRY,BLOCKED,False,ABANDONED,True,False,0.0,0.0,0.0,0.0,0.0932
75596efe-c0c3-6505-6378-10c00be47b18,TXN_7V3PP1OIOVCC,revpilot_adaptive,TIMEOUT_TRANSIENT,TIMEOUT_TRANSIENT,IMMEDIATE_RETRY,APPROVED,True,SUCCESS,False,False,56.03,2.0,1.0,53.03,0.1133
e88c36d0-cad1-4a57-8c64-49e880206825,TXN_VRH6C7HDU5ZT,revpilot_adaptive,CUSTOMER_ABANDONMENT,CUSTOMER_ABANDONMENT,PAYMENT_LINK,APPROVED,True,FAILURE,False,False,0.0,5.0,3.0,-8.0,0.1155
b3c16fe7-d58a-8c1b-0beb-31e1403daa1e,TXN_GUSW0KPBAQRK,revpilot_adaptive,UNKNOWN,UNKNOWN,DELAYED_RETRY,BLOCKED,False,ABANDONED,False,False,0.0,0.0,0.0,0.0,0.1063
ecb9c848-b3df-01c5-d49a-79aca321e995,TXN_Y16GWQ4Q71J6,revpilot_adaptive,CUSTOMER_ABANDONMENT,CUSTOMER_ABANDONMENT,SWITCH_METHOD,APPROVED,True,SUCCESS,False,False,186.63,4.0,4.0,178.63,0.1166
652f9a81-1cd8-34f4-a1a4-6bbff8808886,TXN_EZ9K8QAGOH2T,revpilot_adaptive,AUTH_BLOCKED,AUTH_BLOCKED,DELAYED_RETRY,APPROVED,True,SUCCESS,False,False,81524.33,3.5,2.0,81518.83,0.1161
29de0b0c-8f8d-fcb9-f9f1-922887617535,TXN_8UAVKTBE08MO,revpilot_adaptive,INFRA_OUTAGE,INFRA_OUTAGE,HUMAN_ESCALATION,ESCALATE,False,PENDING,False,False,0.0,0.0,0.0,0.0,0.0957
bfe714c2-deb1-15e0-23c3-94a16adfa427,TXN_AVWDVK6R9QIF,revpilot_adaptive,TIMEOUT_TRANSIENT,TIMEOUT_TRANSIENT,DELAYED_RETRY,APPROVED,True,SUCCESS,False,False,13198.21,3.5,2.0,13192.71,0.1179
b9541b68-95f2-9843-d1f8-ec64ef278e82,TXN_R5I7HY7B4JQJ,revpilot_adaptive,ISSUER_DECLINE,ISSUER_DECLINE,PAYMENT_LINK,APPROVED,True,FAILURE,False,False,0.0,5.0,3.0,-8.0,0.1208
3148861a-4ded-eb39-ce6e-fc5c35e5b967,TXN_K2AQV151ONKM,revpilot_adaptive,AUTH_BLOCKED,AUTH_BLOCKED,HUMAN_ESCALATION,ESCALATE,False,PENDING,False,False,0.0,0.0,0.0,0.0,0.1045
ae74171c-e9ab-6ec5-d757-1488e2af8374,TXN_MFNP13QWU23J,revpilot_adaptive,UNKNOWN,UNKNOWN,IMMEDIATE_RETRY,BLOCKED,False,ABANDONED,False,False,0.0,0.0,0.0,0.0,0.1035
ec920093-33fc-edf8-ee7f-890aa3da1023,TXN_BV092YOO1LCM,revpilot_adaptive,FRAUD_SUSPECTED,FRAUD_SUSPECTED,SWITCH_METHOD,BLOCKED,False,ABANDONED,True,False,0.0,0.0,0.0,0.0,0.0912
d335b958-936b-39a9-2dfd-f084e930ba94,TXN_FTQNQ87IKL07,revpilot_adaptive,ISSUER_DECLINE,ISSUER_DECLINE,SWITCH_METHOD,APPROVED,True,SUCCESS,False,False,1735.79,4.0,4.0,1727.79,0.124
d4bffd9b-72e5-eadc-4c88-5a8f8fd18d94,TXN_ZU90EELZBTL8,revpilot_adaptive,TIMEOUT_TRANSIENT,TIMEOUT_TRANSIENT,IMMEDIATE_RETRY,APPROVED,True,SUCCESS,False,False,132.85,2.0,1.0,129.85,0.1128
870ef49d-5f20-ad8b-560e-422d1e96a427,TXN_G4STBABKN25E,revpilot_adaptive,ISSUER_DECLINE,ISSUER_DECLINE,SWITCH_METHOD,APPROVED,True,SUCCESS,False,False,2425.27,4.0,4.0,2417.27,0.1183
0d33ba3c-73c1-2e47-a6a6-97cab4dae071,TXN_84QE0IDT5JW4,revpilot_adaptive,FRAUD_SUSPECTED,FRAUD_SUSPECTED,IMMEDIATE_RETRY,BLOCKED,False,ABANDONED,True,False,0.0,0.0,0.0,0.0,0.0918
fc563490-8415-7281-eac3-eed5b80d29c0,TXN_KEQ7G3U83B3L,revpilot_adaptive,AUTH_BLOCKED,UNKNOWN,DELAYED_RETRY,BLOCKED,False,ABANDONED,False,False,0.0,0.0,0.0,0.0,0.105
07e17c77-c873-76e7-14f1-39861e889e95,TXN_FSA5KGYOVSOQ,revpilot_adaptive,CUSTOMER_ABANDONMENT,CUSTOMER_ABANDONMENT,PAYMENT_LINK,APPROVED,True,FAILURE,False,False,0.0,5.0,3.0,-8.0,0.1143
a64024d5-2712-76c9-3e86-c686b9a939f6,TXN_5Z0MSP1DUJN3,revpilot_adaptive,ISSUER_DECLINE,ISSUER_DECLINE,PAYMENT_LINK,APPROVED,True,FAILURE,False,False,0.0,5.0,3.0,-8.0,0.1596
a9bfb1eb-b0f0-2767-f3c3-5eae9f9e6004,TXN_O7N5YITQ4CF6,revpilot_adaptive,AUTH_BLOCKED,AUTH_BLOCKED,DELAYED_RETRY,APPROVED,True,SUCCESS,False,False,458.56,3.5,2.0,453.06,0.1194
b176346e-ae8e-0bb1-aad2-881f50489cc2,TXN_QC347Y8SPN0T,revpilot_adaptive,HARD_FUNDS_ISSUE,HARD_FUNDS_ISSUE,IMMEDIATE_RETRY,APPROVED,True,FAILURE,False,False,0.0,2.0,1.0,-3.0,0.1209
95f8c961-af0d-bf16-5bf6-b52bfb127ddc,TXN_MBF17ATF5SLE,revpilot_adaptive,INFRA_OUTAGE,INFRA_OUTAGE,HUMAN_ESCALATION,ESCALATE,False,PENDING,False,False,0.0,0.0,0.0,0.0,0.1025
32610ad8-5a22-d270-6019-dbe795e44c36,TXN_DA81U3YHCBL3,revpilot_adaptive,TIMEOUT_TRANSIENT,UNKNOWN,SWITCH_METHOD,BLOCKED,False,ABANDONED,False,False,0.0,0.0,0.0,0.0,0.1049
39b1b18c-aa14-a3d8-bc49-ae7981fc4a7f,TXN_Z363SJ4CSF86,revpilot_adaptive,TIMEOUT_TRANSIENT,TIMEOUT_TRANSIENT,DELAYED_RETRY,APPROVED,True,SUCCESS,False,False,157.82,3.5,2.0,152.32,0.1375
dce7433b-b8bb-b123-a146-fd06c58d180b,TXN_KW6SKSNE7JQ6,revpilot_adaptive,UNKNOWN,UNKNOWN,SWITCH_METHOD,BLOCKED,False,ABANDONED,False,False,0.0,0.0,0.0,0.0,0.1235
169473d6-8c45-3e89-e77c-87788fe0269a,TXN_BN1DQXCLGXDT,revpilot_adaptive,INFRA_OUTAGE,INFRA_OUTAGE,DELAYED_RETRY,APPROVED,True,SUCCESS,False,False,4640.3,3.5,2.0,4634.8,0.1387
c0034ba1-de59-ecf1-cb7b-23ef70b626eb,TXN_3UP3REKD949G,revpilot_adaptive,TIMEOUT_TRANSIENT,TIMEOUT_TRANSIENT,IMMEDIATE_RETRY,APPROVED,True,SUCCESS,False,False,307.79,2.0,1.0,304.79,0.113
ee3fc685-8682-80a6-3dbc-82e1e9817b24,TXN_3L0YMC7ANG53,revpilot_adaptive,HARD_FUNDS_ISSUE,HARD_FUNDS_ISSUE,PAYMENT_LINK,APPROVED,True,SUCCESS,False,False,3690.06,5.0,3.0,3682.06,0.1121
3bba9cc9-dd06-5c75-0dd7-978ce37c7f14,TXN_H4GOB5R269KY,revpilot_adaptive,CUSTOMER_ABANDONMENT,CUSTOMER_ABANDONMENT,IMMEDIATE_RETRY,APPROVED,True,FAILURE,False,False,0.0,2.0,1.0,-3.0,0.2337
c8d540f6-a24d-8d97-b086-79e417eedea0,TXN_JH008YDLDKTL,revpilot_adaptive,TIMEOUT_TRANSIENT,TIMEOUT_TRANSIENT,IMMEDIATE_RETRY,APPROVED,True,SUCCESS,False,False,2658.61,2.0,1.0,2655.61,0.116
67ff6194-83c5-9afe-262a-e7f096dab6d8,TXN_O2X5GVEFGDWD,revpilot_adaptive,TIMEOUT_TRANSIENT,UNKNOWN,IMMEDIATE_RETRY,BLOCKED,False,ABANDONED,False,False,0.0,0.0,0.0,0.0,0.1011
df50f231-2bcb-90f5-10aa-4c672f2ae421,TXN_Z03UP00V5M1F,revpilot_adaptive,FRAUD_SUSPECTED,FRAUD_SUSPECTED,DELAYED_RETRY,BLOCKED,False,ABANDONED,True,False,0.0,0.0,0.0,0.0,0.0907
1d002319-a40f-7103-83e8-b76a1ccb81a4,TXN_JDCKE1TBQE7F,revpilot_adaptive,ISSUER_DECLINE,ISSUER_DECLINE,SWITCH_METHOD,APPROVED,True,SUCCESS,False,False,2357.87,4.0,4.0,2349.87,0.139
94a3a64e-2284-4000-45f5-6ec481a9a6fb,TXN_HO2VPQDK5SSU,revpilot_adaptive,HARD_FUNDS_ISSUE,HARD_FUNDS_ISSUE,DELAYED_RETRY,APPROVED,True,FAILURE,False,False,0.0,3.5,2.0,-5.5,0.1075
c3139f1b-4a08-ff4f-e1e4-dda51d721ef2,TXN_62EYBFJN1735,revpilot_adaptive,DUPLICATE,DUPLICATE,SWITCH_METHOD,BLOCKED,False,ABANDONED,True,False,0.0,0.0,0.0,0.0,0.0912
494da574-c24e-457e-f301-1e0bbbc0759d,TXN_OJNJV02R4FMU,revpilot_adaptive,FRAUD_SUSPECTED,FRAUD_SUSPECTED,DELAYED_RETRY,BLOCKED,False,ABANDONED,True,False,0.0,0.0,0.0,0.0,0.0937
8040967c-a4d4-3ce1-19fc-684b0c1f2564,TXN_4HH66CKLWLQN,revpilot_adaptive,CUSTOMER_ABANDONMENT,CUSTOMER_ABANDONMENT,PAYMENT_LINK,APPROVED,True,SUCCESS,False,False,193.46,5.0,3.0,185.46,0.113
fff5ec94-aa8c-c176-c1c6-d2fcd537cbc8,TXN_2OGIGQI17SHN,revpilot_adaptive,AUTH_BLOCKED,AUTH_BLOCKED,PAYMENT_LINK,APPROVED,True,SUCCESS,False,False,76816.12,5.0,3.0,76808.12,0.1093
88729866-5cc3-8571-0cd8-4a248ebd55c8,TXN_PRCOQH43NG2X,revpilot_adaptive,AUTH_BLOCKED,AUTH_BLOCKED,DELAYED_RETRY,APPROVED,True,SUCCESS,False,False,80086.1,3.5,2.0,80080.6,0.1077
d07bbec4-11c0-dc2e-896b-236e7534d7a5,TXN_IMEZUMVXSDP0,revpilot_adaptive,AUTH_BLOCKED,AUTH_BLOCKED,DELAYED_RETRY,APPROVED,True,FAILURE,False,False,0.0,3.5,2.0,-5.5,0.1096
afb3b934-0925-fe4c-5432-8575435d7ae9,TXN_QWAT0XVBDJV0,revpilot_adaptive,ISSUER_DECLINE,ISSUER_DECLINE,SWITCH_METHOD,BLOCKED,False,ABANDONED,True,False,0.0,0.0,0.0,0.0,0.1064
c1bf5303-54b2-bb86-2411-1744ac62317e,TXN_5KPCXFDM4U74,revpilot_adaptive,AUTH_BLOCKED,AUTH_BLOCKED,SWITCH_METHOD,APPROVED,True,FAILURE,False,False,0.0,4.0,4.0,-8.0,0.1093
43e0f02e-e593-5605-d323-7de659251695,TXN_5ERV5QZ70NDE,revpilot_adaptive,AUTH_BLOCKED,AUTH_BLOCKED,DELAYED_RETRY,APPROVED,True,SUCCESS,False,False,934.63,3.5,2.0,929.13,0.1079
0038094b-bb29-d67a-7d0a-0af30999de22,TXN_7I4ZH2MRYZI2,revpilot_adaptive,HARD_FUNDS_ISSUE,HARD_FUNDS_ISSUE,IMMEDIATE_RETRY,APPROVED,True,FAILURE,False,False,0.0,2.0,1.0,-3.0,0.1097
665a5215-7037-53a5-f03f-cf9d58a56a3c,TXN_MUOYTHM38R09,revpilot_adaptive,HARD_FUNDS_ISSUE,HARD_FUNDS_ISSUE,PAYMENT_LINK,APPROVED,True,SUCCESS,False,False,3851.97,5.0,3.0,3843.97,0.1034
0e0c196f-6045-108f-a404-3b8fd2afa92c,TXN_FIGZ8C6ENFFL,revpilot_adaptive,INFRA_OUTAGE,INFRA_OUTAGE,IMMEDIATE_RETRY,APPROVED,True,FAILURE,False,False,0.0,2.0,1.0,-3.0,0.1078
00006a28-d866-ceaa-a633-0aa0c63ebd77,TXN_Z05B19U3BCU6,revpilot_adaptive,AUTH_BLOCKED,AUTH_BLOCKED,PAYMENT_LINK,APPROVED,True,FAILURE,False,False,0.0,5.0,3.0,-8.0,0.1081
e594c75e-c528-5414-e302-315e54cc5326,TXN_S63TB19R4OSN,revpilot_adaptive,HARD_FUNDS_ISSUE,HARD_FUNDS_ISSUE,HUMAN_ESCALATION,ESCALATE,False,PENDING,False,False,0.0,0.0,0.0,0.0,0.0979
ea5a5fbb-7666-3e08-dafe-85053e49e021,TXN_GJ9QX0LE8E12,revpilot_adaptive,INFRA_OUTAGE,INFRA_OUTAGE,PAYMENT_LINK,APPROVED,True,SUCCESS,False,False,205.86,5.0,3.0,197.86,0.1074
44ebe643-9202-d257-719c-b06c31a16b92,TXN_IXB3X4485TF7,revpilot_adaptive,ISSUER_DECLINE,ISSUER_DECLINE,SWITCH_METHOD,APPROVED,True,FAILURE,False,False,0.0,4.0,4.0,-8.0,0.1094
bb273fcf-5aed-c761-7547-48a26f05ec91,TXN_1HYTH5QKIDOK,revpilot_adaptive,CUSTOMER_ABANDONMENT,CUSTOMER_ABANDONMENT,SWITCH_METHOD,APPROVED,True,FAILURE,False,False,0.0,4.0,4.0,-8.0,0.1183
f7a15e5a-d127-6c58-0346-fd98a49350e6,TXN_3VCZFDRG27T3,revpilot_adaptive,UNKNOWN,UNKNOWN,SWITCH_METHOD,BLOCKED,False,ABANDONED,False,False,0.0,0.0,0.0,0.0,0.0976
dad0e762-9340-3070-4e28-a168f9955f43,TXN_6C5EGCQKJ9FR,revpilot_adaptive,TIMEOUT_TRANSIENT,TIMEOUT_TRANSIENT,DELAYED_RETRY,APPROVED,True,FAILURE,False,False,0.0,3.5,2.0,-5.5,0.1124
7953f093-f6d2-f1a8-9081-6de443645e42,TXN_YV6SIBQF1AX1,revpilot_adaptive,TIMEOUT_TRANSIENT,TIMEOUT_TRANSIENT,IMMEDIATE_RETRY,APPROVED,True,SUCCESS,False,False,439.58,2.0,1.0,436.58,0.1065
05f01098-a4cf-8b01-cc15-0883f086d992,TXN_1ILQIGDNKYM9,revpilot_adaptive,CUSTOMER_ABANDONMENT,CUSTOMER_ABANDONMENT,PAYMENT_LINK,APPROVED,True,SUCCESS,False,False,4284.05,5.0,3.0,4276.05,0.1102
2998544b-fced-85a1-128e-3754ec0805b8,TXN_ZAMWWPV6CRI9,revpilot_adaptive,ISSUER_DECLINE,ISSUER_DECLINE,SWITCH_METHOD,APPROVED,True,FAILURE,False,False,0.0,4.0,4.0,-8.0,0.1167
c6b093ce-91c7-a470-c46c-d554d4967ca8,TXN_1MKZ3S8ZOGIM,revpilot_adaptive,HARD_FUNDS_ISSUE,HARD_FUNDS_ISSUE,PAYMENT_LINK,APPROVED,True,FAILURE,False,False,0.0,5.0,3.0,-8.0,0.109
5afcc5bf-1d20-8ad6-45fa-bf1797c29a14,TXN_2GG9T7MY3W0B,revpilot_adaptive,TIMEOUT_TRANSIENT,UNKNOWN,PAYMENT_LINK,BLOCKED,False,ABANDONED,False,False,0.0,0.0,0.0,0.0,0.0975
3706c54b-2571-2182-965e-e7d3faab6462,TXN_WIKD35EFSDQM,revpilot_adaptive,DUPLICATE,DUPLICATE,PAYMENT_LINK,BLOCKED,False,ABANDONED,True,False,0.0,0.0,0.0,0.0,0.0888
58e5128d-c893-8628-2cca-8909b141c1f8,TXN_98IP3R6PDSQO,revpilot_adaptive,DUPLICATE,DUPLICATE,PAYMENT_LINK,BLOCKED,False,ABANDONED,True,False,0.0,0.0,0.0,0.0,0.0929
f849164d-2934-59a1-8c14-86c345af7b60,TXN_NFDFJV352NEG,revpilot_adaptive,HARD_FUNDS_ISSUE,HARD_FUNDS_ISSUE,PAYMENT_LINK,APPROVED,True,FAILURE,False,False,0.0,5.0,3.0,-8.0,0.1132
e6f4e691-5b18-6545-cc9b-2ab37ca97898,TXN_OCRNS47HFFLJ,revpilot_adaptive,TIMEOUT_TRANSIENT,UNKNOWN,PAYMENT_LINK,BLOCKED,False,ABANDONED,False,False,0.0,0.0,0.0,0.0,0.1014
29191bbc-c9e9-352c-3fe9-da55f17df7c4,TXN_8IX36GA8PJ4G,revpilot_adaptive,TIMEOUT_TRANSIENT,UNKNOWN,PAYMENT_LINK,BLOCKED,False,ABANDONED,False,False,0.0,0.0,0.0,0.0,0.096
6211c738-b89c-bd01-03d1-b83bb8e676b0,TXN_BPCVSGEPQS2W,revpilot_adaptive,TIMEOUT_TRANSIENT,TIMEOUT_TRANSIENT,IMMEDIATE_RETRY,APPROVED,True,SUCCESS,False,False,4583.19,2.0,1.0,4580.19,0.1118
b7c8f9b2-054e-1ff1-cd07-7e09d1c0792c,TXN_QISTWTF2OEHZ,revpilot_adaptive,HARD_FUNDS_ISSUE,UNKNOWN,IMMEDIATE_RETRY,BLOCKED,False,ABANDONED,False,False,0.0,0.0,0.0,0.0,0.1057
0d605f21-f565-f8c5-a242-856db9ee0a50,TXN_3NN5HRENV94L,revpilot_adaptive,ISSUER_DECLINE,ISSUER_DECLINE,SWITCH_METHOD,APPROVED,True,FAILURE,False,False,0.0,4.0,4.0,-8.0,0.1282
742726e1-2f46-4170-ab3a-e5af67880e80,TXN_P27RQPHMPRB0,revpilot_adaptive,ISSUER_DECLINE,ISSUER_DECLINE,HUMAN_ESCALATION,ESCALATE,False,PENDING,False,False,0.0,0.0,0.0,0.0,0.1188
670777da-aa1f-0dcf-02e1-5fe3325d0d0a,TXN_4YP1IYCMLKZV,revpilot_adaptive,CUSTOMER_ABANDONMENT,CUSTOMER_ABANDONMENT,DELAYED_RETRY,APPROVED,True,SUCCESS,False,False,336.98,3.5,2.0,331.48,0.1168
51585c40-e2d3-fa5d-1052-f6acff55db18,TXN_KPB44FZE6HW3,revpilot_adaptive,ISSUER_DECLINE,ISSUER_DECLINE,DELAYED_RETRY,APPROVED,True,FAILURE,False,False,0.0,3.5,2.0,-5.5,0.1198
24d643db-dfdb-c6c3-e677-f40834443235,TXN_SRC0Z79PVSIW,revpilot_adaptive,HARD_FUNDS_ISSUE,HARD_FUNDS_ISSUE,SWITCH_METHOD,APPROVED,True,SUCCESS,False,False,1874.82,4.0,4.0,1866.82,0.1081
9c770848-4d78-ef4e-68a5-4641164fbcce,TXN_J8SKVCNPE95Y,revpilot_adaptive,TIMEOUT_TRANSIENT,TIMEOUT_TRANSIENT,IMMEDIATE_RETRY,APPROVED,True,FAILURE,False,False,0.0,2.0,1.0,-3.0,0.1244
126908fa-82fa-d952-7660-6e50a70685fe,TXN_Y5XSDYAL301A,revpilot_adaptive,AUTH_BLOCKED,AUTH_BLOCKED,DELAYED_RETRY,APPROVED,True,SUCCESS,False,False,158.8,3.5,2.0,153.3,0.1156
5a76e0a7-0376-1aa2-2fd2-8d60f0a5300e,TXN_2GP65WFH8ETP,revpilot_adaptive,ISSUER_DECLINE,ISSUER_DECLINE,SWITCH_METHOD,APPROVED,True,SUCCESS,False,False,1502.55,4.0,4.0,1494.55,0.1198
448ec487-6df9-c00b-62a4-92a9a6b4fd37,TXN_EI3HCTO2S4G8,revpilot_adaptive,FRAUD_SUSPECTED,FRAUD_SUSPECTED,SWITCH_METHOD,BLOCKED,False,ABANDONED,True,False,0.0,0.0,0.0,0.0,0.0979
16f0424a-9e28-d2d3-fe31-cedf17bb5565,TXN_PIG9A08MJCLA,revpilot_adaptive,DUPLICATE,DUPLICATE,IMMEDIATE_RETRY,BLOCKED,False,ABANDONED,True,False,0.0,0.0,0.0,0.0,0.0958
3b272cc1-45d2-b7e1-8f5e-52f61480f735,TXN_WC3DVWWWQP6T,revpilot_adaptive,HARD_FUNDS_ISSUE,HARD_FUNDS_ISSUE,HUMAN_ESCALATION,ESCALATE,False,PENDING,False,False,0.0,0.0,0.0,0.0,0.1009
7eba0e41-83ef-c5c5-03cb-b781a926a281,TXN_WRBGVTY7JZ00,revpilot_adaptive,HARD_FUNDS_ISSUE,HARD_FUNDS_ISSUE,DELAYED_RETRY,APPROVED,True,FAILURE,False,False,0.0,3.5,2.0,-5.5,0.1139
de966f60-7eb7-b076-1d71-3037d149dbe7,TXN_331PK1674ZE4,revpilot_adaptive,ISSUER_DECLINE,ISSUER_DECLINE,DELAYED_RETRY,APPROVED,True,FAILURE,False,False,0.0,3.5,2.0,-5.5,0.12
d1be4257-9dd5-a718-41c2-71acd2547bc5,TXN_TMUVB6KRVNPM,revpilot_adaptive,AUTH_BLOCKED,UNKNOWN,IMMEDIATE_RETRY,BLOCKED,False,ABANDONED,False,False,0.0,0.0,0.0,0.0,0.1107
d3a44d03-bf39-813f-c90b-46cde15ef7bb,TXN_XTJPX10RJMCT,revpilot_adaptive,INFRA_OUTAGE,INFRA_OUTAGE,DELAYED_RETRY,APPROVED,True,FAILURE,False,False,0.0,3.5,2.0,-5.5,0.1098
8601feb2-17a9-0416-dc69-1731c8f943ae,TXN_TO5ACBXSSK66,revpilot_adaptive,TIMEOUT_TRANSIENT,TIMEOUT_TRANSIENT,SWITCH_METHOD,APPROVED,True,FAILURE,False,False,0.0,4.0,4.0,-8.0,0.1184
036be2b1-4af1-60cf-eb9a-561b78deb241,TXN_DPT11FMA4JUI,revpilot_adaptive,HARD_FUNDS_ISSUE,HARD_FUNDS_ISSUE,PAYMENT_LINK,APPROVED,True,SUCCESS,False,False,495.46,5.0,3.0,487.46,0.1193
3bdc79b3-e17e-f800-b9ff-c2f087eedcba,TXN_4968J1Z2S5CO,revpilot_adaptive,TIMEOUT_TRANSIENT,UNKNOWN,PAYMENT_LINK,BLOCKED,False,ABANDONED,False,False,0.0,0.0,0.0,0.0,0.105
69195bbe-e3f7-5da0-2b56-4ed04604c18a,TXN_Z0VL4Y6ODBJK,revpilot_adaptive,TIMEOUT_TRANSIENT,TIMEOUT_TRANSIENT,SWITCH_METHOD,APPROVED,True,FAILURE,False,False,0.0,4.0,4.0,-8.0,0.1179
f703f96d-19b2-f2ac-6e7d-ef0a819b415d,TXN_V1EKQ3KO15GY,revpilot_adaptive,CUSTOMER_ABANDONMENT,CUSTOMER_ABANDONMENT,IMMEDIATE_RETRY,APPROVED,True,FAILURE,False,False,0.0,2.0,1.0,-3.0,0.1173
d83d2459-9feb-0be3-298e-0cacd49e5e0e,TXN_69TJUV3LKQFJ,revpilot_adaptive,FRAUD_SUSPECTED,FRAUD_SUSPECTED,SWITCH_METHOD,BLOCKED,False,ABANDONED,True,False,0.0,0.0,0.0,0.0,0.0935
03a1ef97-1c34-a5da-9d8b-fc70d5af6ce9,TXN_ALOV7T00QUO6,revpilot_adaptive,TIMEOUT_TRANSIENT,TIMEOUT_TRANSIENT,IMMEDIATE_RETRY,APPROVED,True,SUCCESS,False,False,364.55,2.0,1.0,361.55,0.1126
1e1346aa-9750-0544-8e27-0eb20a8ff71b,TXN_B8OD4D39JRJV,revpilot_adaptive,TIMEOUT_TRANSIENT,TIMEOUT_TRANSIENT,IMMEDIATE_RETRY,BLOCKED,False,ABANDONED,True,False,0.0,0.0,0.0,0.0,0.1013
7636a98c-1007-e882-cc44-559956f6baf9,TXN_FL1CZI1LOI1H,revpilot_adaptive,TIMEOUT_TRANSIENT,TIMEOUT_TRANSIENT,IMMEDIATE_RETRY,APPROVED,True,SUCCESS,False,False,340.5,2.0,1.0,337.5,0.1105
e1ee059f-96f3-98f4-52b0-a62924062077,TXN_L6KUUGZUIF7Z,revpilot_adaptive,HARD_FUNDS_ISSUE,HARD_FUNDS_ISSUE,HUMAN_ESCALATION,ESCALATE,False,PENDING,False,False,0.0,0.0,0.0,0.0,0.0984
86ab1b20-1938-04f7-13be-2653fb748111,TXN_FKM94ZP67AGK,revpilot_adaptive,HARD_FUNDS_ISSUE,UNKNOWN,PAYMENT_LINK,BLOCKED,False,ABANDONED,False,False,0.0,0.0,0.0,0.0,0.1063
ee5e73ea-31d6-5b82-2657-d69c93fc9bca,TXN_S4ZNVYGDDYG3,revpilot_adaptive,TIMEOUT_TRANSIENT,TIMEOUT_TRANSIENT,IMMEDIATE_RETRY,APPROVED,True,SUCCESS,False,False,2093.07,2.0,1.0,2090.07,0.1118
ed9db290-4170-e586-8472-34de0e9c5097,TXN_NXM09H9GLK77,revpilot_adaptive,HARD_FUNDS_ISSUE,HARD_FUNDS_ISSUE,PAYMENT_LINK,BLOCKED,False,ABANDONED,True,False,0.0,0.0,0.0,0.0,0.0994
2fecd0c6-b6d8-1f06-5b7a-80babb1e16d2,TXN_QQT24E6J3KI9,revpilot_adaptive,ISSUER_DECLINE,ISSUER_DECLINE,IMMEDIATE_RETRY,APPROVED,True,FAILURE,False,False,0.0,2.0,1.0,-3.0,0.1245
b0e3749e-4f06-3b44-da08-020e20beeb07,TXN_G8FZT9AVNKBM,revpilot_adaptive,TIMEOUT_TRANSIENT,TIMEOUT_TRANSIENT,IMMEDIATE_RETRY,APPROVED,True,SUCCESS,False,False,122.52,2.0,1.0,119.52,0.1131
452096d1-beb7-bb20-b700-5bbef4625db6,TXN_EYFRM8KYQQ62,revpilot_adaptive,ISSUER_DECLINE,ISSUER_DECLINE,HUMAN_ESCALATION,ESCALATE,False,PENDING,False,False,0.0,0.0,0.0,0.0,0.1091
e940587b-b3a9-3558-6c66-8caf211a8424,TXN_5G5TLEZ055YY,revpilot_adaptive,AUTH_BLOCKED,AUTH_BLOCKED,PAYMENT_LINK,APPROVED,True,SUCCESS,False,False,557.21,5.0,3.0,549.21,0.1148
304666df-ffc2-b0e9-8f42-d94b9bf5ed08,TXN_W9BI4GG52PZY,revpilot_adaptive,ISSUER_DECLINE,ISSUER_DECLINE,SWITCH_METHOD,APPROVED,True,SUCCESS,False,False,26794.86,4.0,4.0,26786.86,0.1184
9a51b233-6025-4752-67fd-f59582212ecf,TXN_TJWY3NROI36L,revpilot_adaptive,AUTH_BLOCKED,AUTH_BLOCKED,SWITCH_METHOD,APPROVED,True,FAILURE,False,False,0.0,4.0,4.0,-8.0,0.1092
7c095b8a-a106-5208-b4d3-d3e7b4fcd66a,TXN_E2KDOPM4QZTH,revpilot_adaptive,FRAUD_SUSPECTED,FRAUD_SUSPECTED,SWITCH_METHOD,BLOCKED,False,ABANDONED,True,False,0.0,0.0,0.0,0.0,0.0928
74b78070-1b67-df73-4a6e-9db49d1b0af2,TXN_MLN2BGKGK3JL,revpilot_adaptive,INFRA_OUTAGE,INFRA_OUTAGE,DELAYED_RETRY,APPROVED,True,SUCCESS,False,False,45702.96,3.5,2.0,45697.46,0.1119
4f80e8c9-073d-2198-ba6e-4e795eea958f,TXN_OL49QAI63G9L,revpilot_adaptive,ISSUER_DECLINE,ISSUER_DECLINE,SWITCH_METHOD,APPROVED,True,SUCCESS,False,False,300.51,4.0,4.0,292.51,0.117
3ee3722d-c487-f578-e866-b09ec47bf5b9,TXN_9MT2AM8BOJOB,revpilot_adaptive,CUSTOMER_ABANDONMENT,CUSTOMER_ABANDONMENT,PAYMENT_LINK,APPROVED,True,SUCCESS,False,False,3003.73,5.0,3.0,2995.73,0.1156
4a8f6c7b-8295-b2a9-2f4d-f05f54158862,TXN_142F9WTN0IR7,revpilot_adaptive,HARD_FUNDS_ISSUE,HARD_FUNDS_ISSUE,DELAYED_RETRY,APPROVED,True,FAILURE,False,False,0.0,3.5,2.0,-5.5,0.1103
17765b5b-89a3-f7e7-c908-eb452061b5f0,TXN_7WTVZT6SKLLR,revpilot_adaptive,INFRA_OUTAGE,UNKNOWN,DELAYED_RETRY,BLOCKED,False,ABANDONED,False,False,0.0,0.0,0.0,0.0,0.1047
101688cc-700b-2021-5320-8920fbe652e9,TXN_PK9S0UXRLJR1,revpilot_adaptive,AUTH_BLOCKED,AUTH_BLOCKED,DELAYED_RETRY,APPROVED,True,FAILURE,False,False,0.0,3.5,2.0,-5.5,0.1468
68b7b97a-8d5f-8538-6a52-e5e38c09c9e7,TXN_LU6WY2GQP4QW,revpilot_adaptive,HARD_FUNDS_ISSUE,UNKNOWN,DELAYED_RETRY,BLOCKED,False,ABANDONED,False,False,0.0,0.0,0.0,0.0,0.1086
cb7170f1-0552-2b77-ae8f-f5f7e8da6f9c,TXN_Q0NFFT7TVCWB,revpilot_adaptive,FRAUD_SUSPECTED,FRAUD_SUSPECTED,IMMEDIATE_RETRY,BLOCKED,False,ABANDONED,True,False,0.0,0.0,0.0,0.0,0.0908
d8fff899-89a7-78b5-521f-79e5b6e8985e,TXN_M68W0C0MAN63,revpilot_adaptive,ISSUER_DECLINE,ISSUER_DECLINE,SWITCH_METHOD,APPROVED,True,SUCCESS,False,False,125.12,4.0,4.0,117.12,0.1355
b07ce81b-4ad9-7ee8-ecde-fb1652aaa3e1,TXN_D5KMM2FKZJO9,revpilot_adaptive,UNKNOWN,ISSUER_DECLINE,SWITCH_METHOD,APPROVED,True,FAILURE,False,False,0.0,4.0,4.0,-8.0,0.1292
2312bad3-e1f6-2dc4-69ca-0e4e103a0601,TXN_KKJ07UTYSBLQ,revpilot_adaptive,INFRA_OUTAGE,INFRA_OUTAGE,DELAYED_RETRY,APPROVED,True,FAILURE,False,False,0.0,3.5,2.0,-5.5,0.116
ca3f7209-3537-eb58-1f72-ac4874ef40e9,TXN_A7TR9I2EHDXS,revpilot_adaptive,HARD_FUNDS_ISSUE,HARD_FUNDS_ISSUE,SWITCH_METHOD,APPROVED,True,FAILURE,False,False,0.0,4.0,4.0,-8.0,0.1173
32c640cb-8cf7-f48a-6fc2-cc38f9d7e54e,TXN_XZBJLYO7084Y,revpilot_adaptive,HARD_FUNDS_ISSUE,HARD_FUNDS_ISSUE,DELAYED_RETRY,APPROVED,True,FAILURE,False,False,0.0,3.5,2.0,-5.5,0.1113
4899776d-b677-1f14-358c-ce0907c1f923,TXN_6I2TU4BD7YP0,revpilot_adaptive,INFRA_OUTAGE,INFRA_OUTAGE,SWITCH_METHOD,APPROVED,True,FAILURE,False,False,0.0,4.0,4.0,-8.0,0.1095
745ca593-1314-200f-7fce-bdc3b1da258a,TXN_R54I0X51D3F1,revpilot_adaptive,FRAUD_SUSPECTED,FRAUD_SUSPECTED,DELAYED_RETRY,BLOCKED,False,ABANDONED,True,False,0.0,0.0,0.0,0.0,0.0953
7473684d-119b-007d-06e0-1522d0b075f7,TXN_VW8J6W0QH48K,revpilot_adaptive,CUSTOMER_ABANDONMENT,UNKNOWN,PAYMENT_LINK,BLOCKED,False,ABANDONED,False,False,0.0,0.0,0.0,0.0,0.1025
3ab69779-3cba-07eb-ad87-ee668c4a27d3,TXN_424RDXCMK8LT,revpilot_adaptive,TIMEOUT_TRANSIENT,TIMEOUT_TRANSIENT,SWITCH_METHOD,APPROVED,True,FAILURE,False,False,0.0,4.0,4.0,-8.0,0.1178
7cd9767d-1f9b-6bcd-0f9f-4f7867e6cdc3,TXN_7YHFA58RX5BP,revpilot_adaptive,TIMEOUT_TRANSIENT,UNKNOWN,PAYMENT_LINK,BLOCKED,False,ABANDONED,False,False,0.0,0.0,0.0,0.0,0.1046
1db20a51-5e5a-ebed-6ac2-6e59cfb6e358,TXN_NNCHZH0THMY1,revpilot_adaptive,ISSUER_DECLINE,ISSUER_DECLINE,SWITCH_METHOD,APPROVED,True,FAILURE,False,False,0.0,4.0,4.0,-8.0,0.1152
d5cd4651-c5d7-be5a-0475-239817e3597c,TXN_K2Q9SRU7I6F1,revpilot_adaptive,ISSUER_DECLINE,ISSUER_DECLINE,SWITCH_METHOD,APPROVED,True,FAILURE,False,False,0.0,4.0,4.0,-8.0,0.1144
7a417459-def5-ba91-80e6-8ec3e7c02cdc,TXN_L00X0LSGJ7D1,revpilot_adaptive,AUTH_BLOCKED,UNKNOWN,DELAYED_RETRY,BLOCKED,False,ABANDONED,False,False,0.0,0.0,0.0,0.0,0.1048
a12957af-a1d6-41d4-7a55-a96aaaf12897,TXN_YIIFS7L984A2,revpilot_adaptive,AUTH_BLOCKED,AUTH_BLOCKED,DELAYED_RETRY,APPROVED,True,FAILURE,False,False,0.0,3.5,2.0,-5.5,0.111
5d6c0da3-78e6-e809-fda3-9870fe968766,TXN_QL87LNQP1E91,revpilot_adaptive,TIMEOUT_TRANSIENT,TIMEOUT_TRANSIENT,IMMEDIATE_RETRY,APPROVED,True,SUCCESS,False,False,2487.72,2.0,1.0,2484.72,0.1155
7dc46fa0-0078-841d-9240-5b1ec6eb6e68,TXN_LPKGBZFTE6W1,revpilot_adaptive,FRAUD_SUSPECTED,FRAUD_SUSPECTED,DELAYED_RETRY,BLOCKED,False,ABANDONED,True,False,0.0,0.0,0.0,0.0,0.0951
63282608-c330-ff75-e4d3-04efbf4db20c,TXN_M8STNXFXDF5A,revpilot_adaptive,HARD_FUNDS_ISSUE,HARD_FUNDS_ISSUE,SWITCH_METHOD,APPROVED,True,FAILURE,False,False,0.0,4.0,4.0,-8.0,0.116
18603bbb-e144-d17c-983b-c3aebad1cdce,TXN_PRIO94SFKCUD,revpilot_adaptive,HARD_FUNDS_ISSUE,HARD_FUNDS_ISSUE,HUMAN_ESCALATION,ESCALATE,False,PENDING,False,False,0.0,0.0,0.0,0.0,0.0973
5305cd48-a5e8-0394-3ea2-ae62ad788263,TXN_EBNQ4KN3G4MN,revpilot_adaptive,AUTH_BLOCKED,AUTH_BLOCKED,IMMEDIATE_RETRY,APPROVED,True,FAILURE,False,False,0.0,2.0,1.0,-3.0,0.1098
98881c7b-21b6-3c04-9c34-c81060078e82,TXN_SRXWTOHE4Z5X,revpilot_adaptive,CUSTOMER_ABANDONMENT,CUSTOMER_ABANDONMENT,IMMEDIATE_RETRY,APPROVED,True,FAILURE,False,False,0.0,2.0,1.0,-3.0,0.1148
aac11d9e-e93a-a3fa-f002-3f78f36a3b84,TXN_TLB0NHPRFNJV,revpilot_adaptive,DUPLICATE,DUPLICATE,IMMEDIATE_RETRY,BLOCKED,False,ABANDONED,True,False,0.0,0.0,0.0,0.0,0.0951
aaea2bef-2ec3-551a-89ee-a427bcf4a8d8,TXN_5AY4YV99CSFV,revpilot_adaptive,CUSTOMER_ABANDONMENT,CUSTOMER_ABANDONMENT,PAYMENT_LINK,APPROVED,True,FAILURE,False,False,0.0,5.0,3.0,-8.0,0.1143
c02000c7-f023-eaaf-407d-40e8e883a9b4,TXN_I97DQ9B9KSSR,revpilot_adaptive,DUPLICATE,DUPLICATE,DELAYED_RETRY,BLOCKED,False,ABANDONED,True,False,0.0,0.0,0.0,0.0,0.0963
09af1560-000d-e110-9133-6a0635992b65,TXN_4QUPIZ2BBX5I,revpilot_adaptive,ISSUER_DECLINE,ISSUER_DECLINE,SWITCH_METHOD,APPROVED,True,SUCCESS,False,False,303.46,4.0,4.0,295.46,0.1178
feab9e1c-458c-cdf4-6150-9df24779a17c,TXN_A7J3QXMOD3B6,revpilot_adaptive,HARD_FUNDS_ISSUE,HARD_FUNDS_ISSUE,HUMAN_ESCALATION,ESCALATE,False,PENDING,False,False,0.0,0.0,0.0,0.0,0.0996
6dd80fa4-fa5d-b191-3113-4740699e8660,TXN_E8G3I1HX84I9,revpilot_adaptive,AUTH_BLOCKED,UNKNOWN,PAYMENT_LINK,BLOCKED,False,ABANDONED,False,False,0.0,0.0,0.0,0.0,0.1031
ba1bffa9-dcab-5747-0d58-68a4dd8c8ccf,TXN_C4VA5P04MEYR,revpilot_adaptive,TIMEOUT_TRANSIENT,TIMEOUT_TRANSIENT,IMMEDIATE_RETRY,APPROVED,True,FAILURE,False,False,0.0,2.0,1.0,-3.0,0.112
986c423d-db9d-f9fd-983b-a8abd60d47fb,TXN_0DGI36GEOE6N,revpilot_adaptive,HARD_FUNDS_ISSUE,HARD_FUNDS_ISSUE,HUMAN_ESCALATION,ESCALATE,False,PENDING,False,False,0.0,0.0,0.0,0.0,0.1004
cd603f2a-58f6-f597-59a8-0b0444f32981,TXN_C26NEZZRP1M7,revpilot_adaptive,ISSUER_DECLINE,ISSUER_DECLINE,SWITCH_METHOD,APPROVED,True,SUCCESS,False,False,153.05,4.0,4.0,145.05,0.1159
30a313b6-ab70-efc8-4372-812551db6891,TXN_VAUUSSQSJ642,revpilot_adaptive,ISSUER_DECLINE,ISSUER_DECLINE,SWITCH_METHOD,APPROVED,True,SUCCESS,False,False,3231.41,4.0,4.0,3223.41,0.118
5f107a50-4485-0ac6-86ad-7d45b4344be2,TXN_2VJXENA8VGEK,revpilot_adaptive,FRAUD_SUSPECTED,FRAUD_SUSPECTED,IMMEDIATE_RETRY,BLOCKED,False,ABANDONED,True,False,0.0,0.0,0.0,0.0,0.0902
075afd7e-2465-e7e5-5332-8b6de4b1b344,TXN_FI0OQY9FDVH8,revpilot_adaptive,TIMEOUT_TRANSIENT,TIMEOUT_TRANSIENT,DELAYED_RETRY,APPROVED,True,FAILURE,False,False,0.0,3.5,2.0,-5.5,0.1135
dcd410d2-887b-59d1-3c3f-68765d49238b,TXN_FPN6N6Z5XEJL,revpilot_adaptive,INFRA_OUTAGE,INFRA_OUTAGE,DELAYED_RETRY,APPROVED,True,SUCCESS,False,False,218.06,3.5,2.0,212.56,0.1121
25e0176b-2c9d-9434-ac16-1812b06084e6,TXN_X3NZYIO2VQYM,revpilot_adaptive,TIMEOUT_TRANSIENT,TIMEOUT_TRANSIENT,IMMEDIATE_RETRY,APPROVED,True,SUCCESS,False,False,2603.1,2.0,1.0,2600.1,0.1179
2fc0e7f7-e6c9-60cc-3d9a-ae9d9551bb8f,TXN_TWG05TFTUO8V,revpilot_adaptive,TIMEOUT_TRANSIENT,TIMEOUT_TRANSIENT,IMMEDIATE_RETRY,APPROVED,True,SUCCESS,False,False,351.92,2.0,1.0,348.92,0.1124
0c8d379a-2624-82e6-c9ea-6d9cfd36019c,TXN_KO7E496TVCAB,revpilot_adaptive,FRAUD_SUSPECTED,FRAUD_SUSPECTED,IMMEDIATE_RETRY,BLOCKED,False,ABANDONED,True,False,0.0,0.0,0.0,0.0,0.093
abf79414-123c-acdd-2128-2a8ca31023e7,TXN_EI6KNTJY1O0H,revpilot_adaptive,TIMEOUT_TRANSIENT,TIMEOUT_TRANSIENT,IMMEDIATE_RETRY,APPROVED,True,SUCCESS,False,False,488.44,2.0,1.0,485.44,0.1135
26aa0cda-5d70-1ad5-4029-d08c8558e6bd,TXN_2SN450FI6LK0,revpilot_adaptive,INFRA_OUTAGE,INFRA_OUTAGE,DELAYED_RETRY,APPROVED,True,FAILURE,False,False,0.0,3.5,2.0,-5.5,0.1115
1ae1d10f-42bd-7505-569d-3644d2ed6966,TXN_6L3L8P0US8SL,revpilot_adaptive,AUTH_BLOCKED,AUTH_BLOCKED,DELAYED_RETRY,APPROVED,True,SUCCESS,False,False,230.99,3.5,2.0,225.49,0.1127
8436edc5-59fe-7cb0-e37e-405b00b58bbf,TXN_7OQCZ5XPQN37,revpilot_adaptive,TIMEOUT_TRANSIENT,TIMEOUT_TRANSIENT,PAYMENT_LINK,BLOCKED,False,ABANDONED,True,False,0.0,0.0,0.0,0.0,0.1103
3b0e978f-00db-6f8d-b24b-39dcde1a3f80,TXN_N699F1USIEN3,revpilot_adaptive,FRAUD_SUSPECTED,FRAUD_SUSPECTED,IMMEDIATE_RETRY,BLOCKED,False,ABANDONED,True,False,0.0,0.0,0.0,0.0,0.0954
27dc9d81-5ed3-16bd-351c-701c97b4da54,TXN_68Y5GAEGFUA8,revpilot_adaptive,DUPLICATE,DUPLICATE,DELAYED_RETRY,BLOCKED,False,ABANDONED,True,False,0.0,0.0,0.0,0.0,0.0933
de92d45f-1d23-054d-d3f1-c75559b7a6e2,TXN_1HUI8YEQWH9K,revpilot_adaptive,DUPLICATE,DUPLICATE,DELAYED_RETRY,BLOCKED,False,ABANDONED,True,False,0.0,0.0,0.0,0.0,0.1089
0d82bb00-ad17-0167-1c3c-a4bb0357ddc2,TXN_2VYBDREMH4N5,revpilot_adaptive,TIMEOUT_TRANSIENT,TIMEOUT_TRANSIENT,IMMEDIATE_RETRY,APPROVED,True,SUCCESS,False,False,21968.71,2.0,1.0,21965.71,0.2208
e1f81585-e11b-b546-8eeb-c886b027cb03,TXN_81882LXC6YGW,revpilot_adaptive,DUPLICATE,DUPLICATE,IMMEDIATE_RETRY,BLOCKED,False,ABANDONED,True,False,0.0,0.0,0.0,0.0,0.1241
200519ad-ed1b-4a74-c5d4-784d41d83110,TXN_6UJEJEAPGN1C,revpilot_adaptive,CUSTOMER_ABANDONMENT,CUSTOMER_ABANDONMENT,PAYMENT_LINK,APPROVED,True,SUCCESS,False,False,48383.15,5.0,3.0,48375.15,0.1351
4e8da2b5-fa57-6a74-d5ab-6d5f0bda0839,TXN_HXM291EY5KIA,revpilot_adaptive,TIMEOUT_TRANSIENT,TIMEOUT_TRANSIENT,DELAYED_RETRY,APPROVED,True,FAILURE,False,False,0.0,3.5,2.0,-5.5,0.1302
6cfb4be2-cead-51e4-538d-6876ec1a9d87,TXN_LF13ZWB16QQW,revpilot_adaptive,TIMEOUT_TRANSIENT,TIMEOUT_TRANSIENT,DELAYED_RETRY,APPROVED,True,SUCCESS,False,False,1511.56,3.5,2.0,1506.06,0.1289
941aaa48-5fa4-ec4c-454a-5c2d865d062e,TXN_O9ZNA25R3VUC,revpilot_adaptive,AUTH_BLOCKED,AUTH_BLOCKED,SWITCH_METHOD,APPROVED,True,FAILURE,False,False,0.0,4.0,4.0,-8.0,0.2769
6d600400-9a31-9c2b-38c9-01e0ae7e9575,TXN_W6187OGBWO8I,revpilot_adaptive,AUTH_BLOCKED,UNKNOWN,DELAYED_RETRY,BLOCKED,False,ABANDONED,False,False,0.0,0.0,0.0,0.0,0.1319
050f98af-abd7-7732-4bcc-97e9ab995f79,TXN_HU8KIBW7HO5T,revpilot_adaptive,HARD_FUNDS_ISSUE,HARD_FUNDS_ISSUE,IMMEDIATE_RETRY,APPROVED,True,FAILURE,False,False,0.0,2.0,1.0,-3.0,0.1318
908fe30b-ed43-9816-0c7c-646183018488,TXN_TV2B41808AZI,revpilot_adaptive,HARD_FUNDS_ISSUE,HARD_FUNDS_ISSUE,PAYMENT_LINK,APPROVED,True,FAILURE,False,False,0.0,5.0,3.0,-8.0,0.1206
306483e7-2439-64e4-26f2-a18e84b9223d,TXN_C1DOC2LCKR8K,revpilot_adaptive,AUTH_BLOCKED,AUTH_BLOCKED,DELAYED_RETRY,APPROVED,True,FAILURE,False,False,0.0,3.5,2.0,-5.5,0.1143
c4018116-3ccd-3140-76ac-5d2ab185cafa,TXN_0UMLPCANY48L,revpilot_adaptive,ISSUER_DECLINE,ISSUER_DECLINE,SWITCH_METHOD,APPROVED,True,FAILURE,False,False,0.0,4.0,4.0,-8.0,0.1203
faf630b2-0452-6a80-48bb-85919947d595,TXN_T483GUOZ8M3J,revpilot_adaptive,TIMEOUT_TRANSIENT,TIMEOUT_TRANSIENT,IMMEDIATE_RETRY,APPROVED,True,SUCCESS,False,False,368.9,2.0,1.0,365.9,0.1187
3dfe5849-a690-3a4c-1abf-0c8d88380e04,TXN_UCXAIS88C85Q,revpilot_adaptive,ISSUER_DECLINE,ISSUER_DECLINE,SWITCH_METHOD,APPROVED,True,FAILURE,False,False,0.0,4.0,4.0,-8.0,0.1225
08c88a55-3a42-09fb-f3f9-caa8755c63c9,TXN_B18WL1KDTWG0,revpilot_adaptive,HARD_FUNDS_ISSUE,HARD_FUNDS_ISSUE,IMMEDIATE_RETRY,BLOCKED,False,ABANDONED,True,False,0.0,0.0,0.0,0.0,0.0984
67faee60-aff2-c385-6f6a-2b9c493c6ef4,TXN_4MUYKDPNJ24J,revpilot_adaptive,DUPLICATE,DUPLICATE,IMMEDIATE_RETRY,BLOCKED,False,ABANDONED,True,False,0.0,0.0,0.0,0.0,0.0948
074d6a21-c7f2-8743-1bf7-99da34daf7da,TXN_FHJHDVN79Q8G,revpilot_adaptive,CUSTOMER_ABANDONMENT,UNKNOWN,SWITCH_METHOD,BLOCKED,False,ABANDONED,False,False,0.0,0.0,0.0,0.0,0.0981
8951ad0e-da41-91e8-e3de-f92d205c7bca,TXN_ENZOTKUXSZO3,revpilot_adaptive,ISSUER_DECLINE,ISSUER_DECLINE,SWITCH_METHOD,APPROVED,True,SUCCESS,False,False,2536.05,4.0,4.0,2528.05,0.1178
00e83744-a1a6-8d17-c638-6d77022f3272,TXN_MIT09WJ6Z5CC,revpilot_adaptive,TIMEOUT_TRANSIENT,TIMEOUT_TRANSIENT,DELAYED_RETRY,APPROVED,True,SUCCESS,False,False,93170.44,3.5,2.0,93164.94,0.1147
85d61d07-7187-d6a0-f23e-10f043088932,TXN_DE0AHS7AVWH0,revpilot_adaptive,ISSUER_DECLINE,ISSUER_DECLINE,SWITCH_METHOD,APPROVED,True,FAILURE,False,False,0.0,4.0,4.0,-8.0,0.1231
b32e7f1c-2755-c02d-ed7a-47051ff3e980,TXN_9CD2G4I609E7,revpilot_adaptive,INFRA_OUTAGE,INFRA_OUTAGE,IMMEDIATE_RETRY,APPROVED,True,FAILURE,False,False,0.0,2.0,1.0,-3.0,0.108
5b09450a-0634-8e1c-e582-48a4395ad7a7,TXN_2Q5E678DFUS7,revpilot_adaptive,UNKNOWN,UNKNOWN,PAYMENT_LINK,BLOCKED,False,ABANDONED,False,False,0.0,0.0,0.0,0.0,0.1043
c89314f2-0bff-6567-6863-44811e4ec448,TXN_V1MCL3MK07DA,revpilot_adaptive,HARD_FUNDS_ISSUE,HARD_FUNDS_ISSUE,HUMAN_ESCALATION,ESCALATE,False,PENDING,False,False,0.0,0.0,0.0,0.0,0.0973
97e31ac4-0e2b-3d88-a7a4-b80355509a31,TXN_N7DV5U9YQPCP,revpilot_adaptive,TIMEOUT_TRANSIENT,TIMEOUT_TRANSIENT,IMMEDIATE_RETRY,BLOCKED,False,ABANDONED,True,False,0.0,0.0,0.0,0.0,0.1
e9ab9906-8f1c-db1f-c756-9b45fd358fd6,TXN_IAKOY8UE1KN7,revpilot_adaptive,TIMEOUT_TRANSIENT,TIMEOUT_TRANSIENT,IMMEDIATE_RETRY,APPROVED,True,SUCCESS,False,False,154.59,2.0,1.0,151.59,0.1144
c76da1c1-e6b8-35e5-4be8-fdaf5ec9b50c,TXN_XFQ9YMC1EXS8,revpilot_adaptive,INFRA_OUTAGE,INFRA_OUTAGE,PAYMENT_LINK,APPROVED,True,FAILURE,False,False,0.0,5.0,3.0,-8.0,0.1083
99eca1f7-a4c0-4fc7-98f2-2371c83a1fc9,TXN_86RESWIXO05P,revpilot_adaptive,DUPLICATE,DUPLICATE,SWITCH_METHOD,BLOCKED,False,ABANDONED,True,False,0.0,0.0,0.0,0.0,0.0945
6eb0abfc-3290-f940-4967-87cfd142a8c8,TXN_T0KOI48MB5PA,revpilot_adaptive,TIMEOUT_TRANSIENT,TIMEOUT_TRANSIENT,SWITCH_METHOD,APPROVED,True,FAILURE,False,False,0.0,4.0,4.0,-8.0,0.1112
cedd0cc4-6051-a3f2-07ed-67801d65c202,TXN_ILYPT8SNXHB8,revpilot_adaptive,HARD_FUNDS_ISSUE,HARD_FUNDS_ISSUE,HUMAN_ESCALATION,ESCALATE,False,PENDING,False,False,0.0,0.0,0.0,0.0,0.0971
c2b5d9af-021a-47f3-0648-897a27854923,TXN_VSV03V8ZVRRZ,revpilot_adaptive,AUTH_BLOCKED,AUTH_BLOCKED,IMMEDIATE_RETRY,APPROVED,True,SUCCESS,False,False,565.95,2.0,1.0,562.95,0.11
e55f40c6-ee01-2403-e1b9-6215dc537238,TXN_G93BO1JRSSMB,revpilot_adaptive,HARD_FUNDS_ISSUE,UNKNOWN,DELAYED_RETRY,BLOCKED,False,ABANDONED,False,False,0.0,0.0,0.0,0.0,0.1069
ff7107ac-b81f-eae2-08cc-7601ee2d9e98,TXN_97X06WC5J3BN,revpilot_adaptive,TIMEOUT_TRANSIENT,TIMEOUT_TRANSIENT,DELAYED_RETRY,APPROVED,True,SUCCESS,False,False,181.46,3.5,2.0,175.96,0.1144
d4f99c69-68f1-7725-ae98-047e72fa7f9b,TXN_SW4K4FASAVK0,revpilot_adaptive,TIMEOUT_TRANSIENT,TIMEOUT_TRANSIENT,DELAYED_RETRY,APPROVED,True,SUCCESS,False,False,2085.01,3.5,2.0,2079.51,0.11
14b93919-86e8-3028-bd8c-5da852ee16a9,TXN_50YSETENINYZ,revpilot_adaptive,CUSTOMER_ABANDONMENT,CUSTOMER_ABANDONMENT,DELAYED_RETRY,APPROVED,True,FAILURE,False,False,0.0,3.5,2.0,-5.5,0.1135
d521d726-8e28-6ab1-e022-83794c0326fb,TXN_UNFXIVO0IELU,revpilot_adaptive,TIMEOUT_TRANSIENT,TIMEOUT_TRANSIENT,IMMEDIATE_RETRY,APPROVED,True,SUCCESS,False,False,255.47,2.0,1.0,252.47,0.1167
5b92c0ea-1d02-ad36-3e67-4b592c39bc4e,TXN_6GK54IDUG82Z,revpilot_adaptive,UNKNOWN,ISSUER_DECLINE,SWITCH_METHOD,APPROVED,True,FAILURE,False,False,0.0,4.0,4.0,-8.0,0.1153
2513a281-07c3-46ef-d6b4-f9f9ba9c4b56,TXN_NFEH3OKS0TBU,revpilot_adaptive,INFRA_OUTAGE,INFRA_OUTAGE,PAYMENT_LINK,APPROVED,True,SUCCESS,False,False,2894.89,5.0,3.0,2886.89,0.107
a92d34e3-11d6-a805-d3bb-1c6ea9f5e3dc,TXN_N8HCP6PU6DHH,revpilot_adaptive,HARD_FUNDS_ISSUE,UNKNOWN,SWITCH_METHOD,BLOCKED,False,ABANDONED,False,False,0.0,0.0,0.0,0.0,0.1036
19956c80-abb8-502c-1ff8-8ccc0b2e4dd5,TXN_HNC92OYTLJY1,revpilot_adaptive,HARD_FUNDS_ISSUE,HARD_FUNDS_ISSUE,PAYMENT_LINK,APPROVED,True,SUCCESS,False,False,3549.91,5.0,3.0,3541.91,0.1098
a93fa755-5eba-3cd3-726f-a53a4a1fe8e3,TXN_OE99FQHM06WT,revpilot_adaptive,HARD_FUNDS_ISSUE,HARD_FUNDS_ISSUE,HUMAN_ESCALATION,ESCALATE,False,PENDING,False,False,0.0,0.0,0.0,0.0,0.096
cc5fb059-3851-aed6-831e-59672a625b8b,TXN_YLG1L9GBZJVM,revpilot_adaptive,TIMEOUT_TRANSIENT,UNKNOWN,DELAYED_RETRY,BLOCKED,False,ABANDONED,False,False,0.0,0.0,0.0,0.0,0.0989
ba9fd8d2-fb4e-412f-02bf-9a4918e41d11,TXN_XU3QSZAE6XEI,revpilot_adaptive,UNKNOWN,UNKNOWN,PAYMENT_LINK,BLOCKED,False,ABANDONED,False,False,0.0,0.0,0.0,0.0,0.1056
9aceee0f-2f43-77ce-9f36-b492f820a5ed,TXN_EOAZQZQVAEG8,revpilot_adaptive,UNKNOWN,UNKNOWN,SWITCH_METHOD,BLOCKED,False,ABANDONED,False,False,0.0,0.0,0.0,0.0,0.1015
2873e3cf-96ad-040c-af72-e7eb7df90e0d,TXN_RSNRB00N47PA,revpilot_adaptive,TIMEOUT_TRANSIENT,TIMEOUT_TRANSIENT,IMMEDIATE_RETRY,APPROVED,True,SUCCESS,False,False,74.23,2.0,1.0,71.23,0.1168
0bf13a68-30f0-6259-7328-7998d23bb896,TXN_K6I2WJ8AOT60,revpilot_adaptive,HARD_FUNDS_ISSUE,HARD_FUNDS_ISSUE,PAYMENT_LINK,APPROVED,True,FAILURE,False,False,0.0,5.0,3.0,-8.0,0.1092
18fcf36e-f8e9-14c4-e6b3-5e2caf347f4d,TXN_O76H0CD87S6I,revpilot_adaptive,HARD_FUNDS_ISSUE,HARD_FUNDS_ISSUE,SWITCH_METHOD,APPROVED,True,FAILURE,False,False,0.0,4.0,4.0,-8.0,0.1152
2dbc1d3b-3423-6640-08ae-a4add783492a,TXN_T5B8IVPYVNNQ,revpilot_adaptive,HARD_FUNDS_ISSUE,HARD_FUNDS_ISSUE,HUMAN_ESCALATION,ESCALATE,False,PENDING,False,False,0.0,0.0,0.0,0.0,0.1277
d3c50da4-9641-223f-2923-33aac09a8ba7,TXN_IXBG4B6OXQP4,revpilot_adaptive,FRAUD_SUSPECTED,FRAUD_SUSPECTED,SWITCH_METHOD,BLOCKED,False,ABANDONED,True,False,0.0,0.0,0.0,0.0,0.0947
bf345075-edab-f665-e772-85a58d861136,TXN_C8KMPZMMS03J,revpilot_adaptive,ISSUER_DECLINE,ISSUER_DECLINE,SWITCH_METHOD,APPROVED,True,SUCCESS,False,False,1607.59,4.0,4.0,1599.59,0.1232
f21772bd-93e0-4903-6285-af8ffda18f0f,TXN_RB9YQ84SBDID,revpilot_adaptive,INFRA_OUTAGE,INFRA_OUTAGE,PAYMENT_LINK,APPROVED,True,FAILURE,False,False,0.0,5.0,3.0,-8.0,0.11
05c39f9a-6198-7fbe-6ef1-daffcc7d6c24,TXN_3SAJ93Q2XGDW,revpilot_adaptive,DUPLICATE,DUPLICATE,IMMEDIATE_RETRY,BLOCKED,False,ABANDONED,True,False,0.0,0.0,0.0,0.0,0.0949
9e60bd8e-cc88-99fa-033a-897be4fdeb6a,TXN_9SRPNB3WX79Y,revpilot_adaptive,HARD_FUNDS_ISSUE,UNKNOWN,PAYMENT_LINK,BLOCKED,False,ABANDONED,False,False,0.0,0.0,0.0,0.0,0.107
036dec6b-9408-427c-b9d8-b176db0cc16c,TXN_IWXHV1IQJHHK,revpilot_adaptive,ISSUER_DECLINE,ISSUER_DECLINE,IMMEDIATE_RETRY,APPROVED,True,FAILURE,False,False,0.0,2.0,1.0,-3.0,0.1215
617f1c83-2784-68e2-c8c5-dadac5184e71,TXN_91OVBE93JV25,revpilot_adaptive,INFRA_OUTAGE,INFRA_OUTAGE,SWITCH_METHOD,APPROVED,True,SUCCESS,False,False,25487.23,4.0,4.0,25479.23,0.1083
4c33d741-fc18-3fa9-4f29-f1c4a552e3aa,TXN_HPCNW7XOWKC9,revpilot_adaptive,HARD_FUNDS_ISSUE,HARD_FUNDS_ISSUE,HUMAN_ESCALATION,ESCALATE,False,PENDING,False,False,0.0,0.0,0.0,0.0,0.0996
a8b72e93-5d85-f681-cb2b-d439dc02b74b,TXN_8NVE1PJRQHKN,revpilot_adaptive,UNKNOWN,UNKNOWN,SWITCH_METHOD,BLOCKED,False,ABANDONED,False,False,0.0,0.0,0.0,0.0,0.1025
730e01d3-a1d1-75b9-8f7f-816611f795bf,TXN_0O9Q4CG0MJ78,revpilot_adaptive,AUTH_BLOCKED,AUTH_BLOCKED,HUMAN_ESCALATION,ESCALATE,False,PENDING,False,False,0.0,0.0,0.0,0.0,0.0999
4ada25b0-f90a-e295-b5ad-dc9e449607d8,TXN_8T2TKSR8NSDK,revpilot_adaptive,AUTH_BLOCKED,AUTH_BLOCKED,HUMAN_ESCALATION,ESCALATE,False,PENDING,False,False,0.0,0.0,0.0,0.0,0.0964
389b7e4b-11ba-ad4c-9796-b3a49d8e6fa4,TXN_AIWW20EM8M5C,revpilot_adaptive,TIMEOUT_TRANSIENT,TIMEOUT_TRANSIENT,IMMEDIATE_RETRY,APPROVED,True,SUCCESS,False,False,117.78,2.0,1.0,114.78,0.1159
7f08f554-a436-52ef-4945-2481054d9f8d,TXN_Z99D854QKO3G,revpilot_adaptive,FRAUD_SUSPECTED,FRAUD_SUSPECTED,DELAYED_RETRY,BLOCKED,False,ABANDONED,True,False,0.0,0.0,0.0,0.0,0.0944
79ed5a7b-c648-e491-8ea0-3fc8369f96d7,TXN_Q12623Q11L3M,revpilot_adaptive,INFRA_OUTAGE,INFRA_OUTAGE,IMMEDIATE_RETRY,APPROVED,True,FAILURE,False,False,0.0,2.0,1.0,-3.0,0.1119
0c81126a-aabf-d6cb-79ba-284ea0644413,TXN_JVYRASFUFWL5,revpilot_adaptive,ISSUER_DECLINE,ISSUER_DECLINE,DELAYED_RETRY,APPROVED,True,FAILURE,False,False,0.0,3.5,2.0,-5.5,0.1183
850619d3-5bb4-f4e4-3f7a-81792540033d,TXN_M5DUGS0L4HV1,revpilot_adaptive,INFRA_OUTAGE,INFRA_OUTAGE,DELAYED_RETRY,APPROVED,True,SUCCESS,False,False,259.1,3.5,2.0,253.6,0.1101
f09ceab3-54e8-f84e-46f6-1732ec40a735,TXN_9T8Q9M51UXPF,revpilot_adaptive,HARD_FUNDS_ISSUE,HARD_FUNDS_ISSUE,HUMAN_ESCALATION,ESCALATE,False,PENDING,False,False,0.0,0.0,0.0,0.0,0.0986
d2bf0a6f-d4b4-ba60-abec-9f386449f829,TXN_6IAENVT7HRX4,revpilot_adaptive,HARD_FUNDS_ISSUE,HARD_FUNDS_ISSUE,DELAYED_RETRY,APPROVED,True,FAILURE,False,False,0.0,3.5,2.0,-5.5,0.1093
e1d8cbf5-9404-6841-9191-29945ff45630,TXN_6PRQNUNMJ2PM,revpilot_adaptive,HARD_FUNDS_ISSUE,HARD_FUNDS_ISSUE,PAYMENT_LINK,APPROVED,True,FAILURE,False,False,0.0,5.0,3.0,-8.0,0.1244
1fed6a30-7a9a-fca7-2d06-e75f231f6534,TXN_CWGPO0HPKWWX,revpilot_adaptive,CUSTOMER_ABANDONMENT,CUSTOMER_ABANDONMENT,IMMEDIATE_RETRY,APPROVED,True,FAILURE,False,False,0.0,2.0,1.0,-3.0,0.1185
a3d0d9d7-4b66-8704-789a-76f9d699f188,TXN_M9A2FAAP6092,revpilot_adaptive,AUTH_BLOCKED,AUTH_BLOCKED,DELAYED_RETRY,APPROVED,True,SUCCESS,False,False,441.2,3.5,2.0,435.7,0.1118
c79a7459-7f01-f07a-38c5-0755a014a287,TXN_WJE76EIDCJLM,revpilot_adaptive,AUTH_BLOCKED,UNKNOWN,IMMEDIATE_RETRY,BLOCKED,False,ABANDONED,False,False,0.0,0.0,0.0,0.0,0.104
32103ba6-07ee-12a4-27bb-a83814f08ae1,TXN_CJZE1PKN1Y5K,revpilot_adaptive,TIMEOUT_TRANSIENT,TIMEOUT_TRANSIENT,IMMEDIATE_RETRY,APPROVED,True,SUCCESS,False,False,99932.0,2.0,1.0,99929.0,0.1174
8234ee19-aabe-ddf9-f086-21c9bea51a6b,TXN_QD9Z6BYBNLB3,revpilot_adaptive,HARD_FUNDS_ISSUE,HARD_FUNDS_ISSUE,PAYMENT_LINK,APPROVED,True,FAILURE,False,False,0.0,5.0,3.0,-8.0,0.221
ef5b7f0f-c85b-0193-fc5f-88414da5beb1,TXN_NKVYJBSHDNAF,revpilot_adaptive,ISSUER_DECLINE,ISSUER_DECLINE,SWITCH_METHOD,APPROVED,True,FAILURE,False,False,0.0,4.0,4.0,-8.0,0.1225
9bbe71de-a9d4-789d-48e6-0c222556d96f,TXN_SEYNA7F0J4XY,revpilot_adaptive,TIMEOUT_TRANSIENT,TIMEOUT_TRANSIENT,IMMEDIATE_RETRY,APPROVED,True,SUCCESS,False,False,69.92,2.0,1.0,66.92,0.1118
2f54e7a5-61ce-6d97-7ef9-6ab3f92620e4,TXN_EL0QKI1FK3VS,revpilot_adaptive,INFRA_OUTAGE,INFRA_OUTAGE,PAYMENT_LINK,APPROVED,True,FAILURE,False,False,0.0,5.0,3.0,-8.0,0.1104
c7266232-b06d-3650-ecc1-6c2709465660,TXN_I11N7VKJRLPI,revpilot_adaptive,TIMEOUT_TRANSIENT,TIMEOUT_TRANSIENT,PAYMENT_LINK,APPROVED,True,SUCCESS,False,False,4742.79,5.0,3.0,4734.79,0.1188
e4b0dce1-32f5-bae2-3dc4-a2c0b9ea09df,TXN_53314RK7G1BY,revpilot_adaptive,INFRA_OUTAGE,INFRA_OUTAGE,SWITCH_METHOD,APPROVED,True,SUCCESS,False,False,61967.34,4.0,4.0,61959.34,0.114
63c4efa8-37f2-765c-c615-ef822cc1edab,TXN_51J6NG48CPJB,revpilot_adaptive,CUSTOMER_ABANDONMENT,CUSTOMER_ABANDONMENT,DELAYED_RETRY,APPROVED,True,SUCCESS,False,False,1649.61,3.5,2.0,1644.11,0.1146
0f8f43ed-7ac3-d44e-b115-a308bfc4c65c,TXN_P4Y2YBI8H1KX,revpilot_adaptive,TIMEOUT_TRANSIENT,TIMEOUT_TRANSIENT,IMMEDIATE_RETRY,APPROVED,True,FAILURE,False,False,0.0,2.0,1.0,-3.0,0.1141
d3a102b7-b131-97c9-de7a-67caae76b978,TXN_JNTGA43Z8BEX,revpilot_adaptive,HARD_FUNDS_ISSUE,HARD_FUNDS_ISSUE,PAYMENT_LINK,APPROVED,True,FAILURE,False,False,0.0,5.0,3.0,-8.0,0.1128
05438039-2faa-020f-bf9a-fcc4b4dd1ca2,TXN_O1IIQRU9G6L2,revpilot_adaptive,AUTH_BLOCKED,UNKNOWN,IMMEDIATE_RETRY,BLOCKED,False,ABANDONED,False,False,0.0,0.0,0.0,0.0,0.105
519891f8-462c-2cb6-8b85-c49c7fb7bcb4,TXN_09OJ63J938AU,revpilot_adaptive,TIMEOUT_TRANSIENT,TIMEOUT_TRANSIENT,DELAYED_RETRY,APPROVED,True,FAILURE,False,False,0.0,3.5,2.0,-5.5,0.1135
9d1e2684-7d34-03b0-6e61-e6af2f563580,TXN_TQ6Q9R945UTA,revpilot_adaptive,AUTH_BLOCKED,AUTH_BLOCKED,DELAYED_RETRY,APPROVED,True,FAILURE,False,False,0.0,3.5,2.0,-5.5,0.1127
72d499c5-79c3-1e7f-814f-fdbd692bec27,TXN_FY1QH7RXZ4BH,revpilot_adaptive,FRAUD_SUSPECTED,FRAUD_SUSPECTED,IMMEDIATE_RETRY,BLOCKED,False,ABANDONED,True,False,0.0,0.0,0.0,0.0,0.0923
741b7510-d643-4314-0213-75b73b197bdd,TXN_SI8T36EYNOMX,revpilot_adaptive,TIMEOUT_TRANSIENT,TIMEOUT_TRANSIENT,DELAYED_RETRY,APPROVED,True,FAILURE,False,False,0.0,3.5,2.0,-5.5,0.1095
7a3d8284-23a3-286c-a8c8-f4a498a3e614,TXN_LCBW9RTERYFU,revpilot_adaptive,AUTH_BLOCKED,AUTH_BLOCKED,HUMAN_ESCALATION,ESCALATE,False,PENDING,False,False,0.0,0.0,0.0,0.0,0.099
b49f4839-a7d0-e420-0de4-6049aa95e5c4,TXN_PH13EE1R5XDE,revpilot_adaptive,TIMEOUT_TRANSIENT,TIMEOUT_TRANSIENT,IMMEDIATE_RETRY,APPROVED,True,FAILURE,False,False,0.0,2.0,1.0,-3.0,0.1149
85733e10-e66c-a955-a73e-d720087fdf95,TXN_BBWKC4NLE2K3,revpilot_adaptive,CUSTOMER_ABANDONMENT,CUSTOMER_ABANDONMENT,PAYMENT_LINK,APPROVED,True,FAILURE,False,False,0.0,5.0,3.0,-8.0,0.1122
14eedbcb-97de-8d6d-3903-6ef2f9431916,TXN_O53FLUXLHS3R,revpilot_adaptive,HARD_FUNDS_ISSUE,UNKNOWN,IMMEDIATE_RETRY,BLOCKED,False,ABANDONED,False,False,0.0,0.0,0.0,0.0,0.1057
02d1836c-f894-7ef0-d134-45bb96be3f49,TXN_QSBK2NR041UB,revpilot_adaptive,TIMEOUT_TRANSIENT,TIMEOUT_TRANSIENT,IMMEDIATE_RETRY,APPROVED,True,SUCCESS,False,False,4702.52,2.0,1.0,4699.52,0.1134
b2dc1bff-181e-40b5-d4e0-5085bff97c28,TXN_S8GSGOK6WDLC,revpilot_adaptive,AUTH_BLOCKED,AUTH_BLOCKED,HUMAN_ESCALATION,ESCALATE,False,PENDING,False,False,0.0,0.0,0.0,0.0,0.1243
8981110e-faa2-8e80-6024-0daf020e78ed,TXN_VQU1VRNK7XOS,revpilot_adaptive,HARD_FUNDS_ISSUE,HARD_FUNDS_ISSUE,HUMAN_ESCALATION,ESCALATE,False,PENDING,False,False,0.0,0.0,0.0,0.0,0.1
7c22ac96-b6e5-7174-b645-bb6e9870ce64,TXN_WOC0MHHH9BB6,revpilot_adaptive,TIMEOUT_TRANSIENT,TIMEOUT_TRANSIENT,IMMEDIATE_RETRY,APPROVED,True,SUCCESS,False,False,4562.13,2.0,1.0,4559.13,0.1138
7dcb53d9-389b-2db1-3796-0cceb01474ee,TXN_O7VBG762QMCH,revpilot_adaptive,HARD_FUNDS_ISSUE,HARD_FUNDS_ISSUE,IMMEDIATE_RETRY,APPROVED,True,FAILURE,False,False,0.0,2.0,1.0,-3.0,0.1122
b0fe8360-c4c3-ce41-1d0d-47677cc77d35,TXN_GMJSV210MQEH,revpilot_adaptive,CUSTOMER_ABANDONMENT,CUSTOMER_ABANDONMENT,PAYMENT_LINK,APPROVED,True,SUCCESS,False,False,4163.97,5.0,3.0,4155.97,0.1135
6e69ceb6-7665-0bba-8129-1f94c4856a6a,TXN_79A4T4ZALF0K,revpilot_adaptive,DUPLICATE,DUPLICATE,DELAYED_RETRY,BLOCKED,False,ABANDONED,True,False,0.0,0.0,0.0,0.0,0.0926
79d62864-a19d-919e-d8bb-c84bece7abb3,TXN_GGIZOJROAIVJ,revpilot_adaptive,TIMEOUT_TRANSIENT,TIMEOUT_TRANSIENT,DELAYED_RETRY,APPROVED,True,SUCCESS,False,False,2151.71,3.5,2.0,2146.21,0.1197
32625fd0-82bd-57ea-f915-2f9cf73c4d47,TXN_UWOAJVJALR04,revpilot_adaptive,TIMEOUT_TRANSIENT,TIMEOUT_TRANSIENT,DELAYED_RETRY,APPROVED,True,SUCCESS,False,False,62629.59,3.5,2.0,62624.09,0.1159
0278af85-dde4-9aca-bd9e-56112a5bcc8a,TXN_RZ0UM8HCYOHE,revpilot_adaptive,INFRA_OUTAGE,INFRA_OUTAGE,DELAYED_RETRY,APPROVED,True,SUCCESS,False,False,1711.05,3.5,2.0,1705.55,0.1067
a0f3e66e-dfbf-c938-8222-66dec5ce19a1,TXN_H2VY0WQ90UVI,revpilot_adaptive,FRAUD_SUSPECTED,FRAUD_SUSPECTED,PAYMENT_LINK,BLOCKED,False,ABANDONED,True,False,0.0,0.0,0.0,0.0,0.0902
21933a6e-e631-531b-7afa-db229a36a413,TXN_X99CSRX1LSSN,revpilot_adaptive,TIMEOUT_TRANSIENT,TIMEOUT_TRANSIENT,IMMEDIATE_RETRY,APPROVED,True,SUCCESS,False,False,213.64,2.0,1.0,210.64,0.111
0f2d12b3-8cff-0523-7864-6fb577e3a63a,TXN_441DKEQZ5M3U,revpilot_adaptive,ISSUER_DECLINE,ISSUER_DECLINE,SWITCH_METHOD,APPROVED,True,SUCCESS,False,False,205.55,4.0,4.0,197.55,0.1135
f57ca85b-b017-65b1-b13a-01d2254804c1,TXN_3DT2TB2S8EMJ,revpilot_adaptive,ISSUER_DECLINE,ISSUER_DECLINE,SWITCH_METHOD,APPROVED,True,SUCCESS,False,False,4196.37,4.0,4.0,4188.37,0.1201
9340dd42-27d3-5261-f921-d07dd842314e,TXN_XCABMRG3QEO7,revpilot_adaptive,ISSUER_DECLINE,ISSUER_DECLINE,SWITCH_METHOD,APPROVED,True,SUCCESS,False,False,63.63,4.0,4.0,55.63,0.1163
feed7a04-f640-9f5f-3efd-9d851677a515,TXN_FGFUZTF7JRZE,revpilot_adaptive,TIMEOUT_TRANSIENT,TIMEOUT_TRANSIENT,IMMEDIATE_RETRY,APPROVED,True,SUCCESS,False,False,18771.89,2.0,1.0,18768.89,0.1137
ae4b2b7d-e59c-8a8c-6d2a-8399a36122cf,TXN_TVEIOA5DW9LO,revpilot_adaptive,INFRA_OUTAGE,INFRA_OUTAGE,HUMAN_ESCALATION,ESCALATE,False,PENDING,False,False,0.0,0.0,0.0,0.0,0.0954
112b2459-6812-b66f-28b9-f3cf6325c10e,TXN_20KW7LLVMRP2,revpilot_adaptive,TIMEOUT_TRANSIENT,TIMEOUT_TRANSIENT,IMMEDIATE_RETRY,APPROVED,True,SUCCESS,False,False,53730.2,2.0,1.0,53727.2,0.1165
28abe63c-3bc8-8bbd-48e7-6f496306e7f6,TXN_Y0PB0XMK98S7,revpilot_adaptive,INFRA_OUTAGE,INFRA_OUTAGE,DELAYED_RETRY,APPROVED,True,SUCCESS,False,False,452.07,3.5,2.0,446.57,0.1096
76ce37c6-c667-4cd9-af7c-6944be1b340c,TXN_798ANZX4Z3A4,revpilot_adaptive,ISSUER_DECLINE,ISSUER_DECLINE,IMMEDIATE_RETRY,APPROVED,True,FAILURE,False,False,0.0,2.0,1.0,-3.0,0.1166
ef9891ce-a5aa-82b4-3a60-560abd5b4b56,TXN_SBTPNB2SL082,revpilot_adaptive,INFRA_OUTAGE,INFRA_OUTAGE,DELAYED_RETRY,APPROVED,True,FAILURE,False,False,0.0,3.5,2.0,-5.5,0.1095
5a604ade-2811-6cb0-c2ac-0d6b1ef3d299,TXN_LLE5XBJO102Z,revpilot_adaptive,ISSUER_DECLINE,ISSUER_DECLINE,SWITCH_METHOD,APPROVED,True,SUCCESS,False,False,2686.1,4.0,4.0,2678.1,0.1153
87841efd-0e2c-9d3c-f234-7be877ce327d,TXN_2F4QB03BNVA2,revpilot_adaptive,ISSUER_DECLINE,ISSUER_DECLINE,SWITCH_METHOD,APPROVED,True,SUCCESS,False,False,732.8,4.0,4.0,724.8,0.1198
a665bf0e-a428-f7eb-0dcd-56bfe10753db,TXN_D4OXFN2EQ0CQ,revpilot_adaptive,FRAUD_SUSPECTED,FRAUD_SUSPECTED,IMMEDIATE_RETRY,BLOCKED,False,ABANDONED,True,False,0.0,0.0,0.0,0.0,0.0943
d106d850-1e99-5dcd-bdcc-153ae65c6306,TXN_KDHCS65CET8M,revpilot_adaptive,INFRA_OUTAGE,INFRA_OUTAGE,DELAYED_RETRY,APPROVED,True,SUCCESS,False,False,458.97,3.5,2.0,453.47,0.1136
062587a6-9fbc-775a-ff03-fd2cfb5694f5,TXN_8TASRIHQTXOI,revpilot_adaptive,ISSUER_DECLINE,ISSUER_DECLINE,SWITCH_METHOD,APPROVED,True,FAILURE,False,False,0.0,4.0,4.0,-8.0,0.1204
4bb77b35-673a-ae96-cb35-180c3dc01497,TXN_CCMTFLGPWNT8,revpilot_adaptive,ISSUER_DECLINE,ISSUER_DECLINE,HUMAN_ESCALATION,ESCALATE,False,PENDING,False,False,0.0,0.0,0.0,0.0,0.1041
ee94fb14-32d5-be28-f3c2-72c2a661b283,TXN_E5Y50GCRR652,revpilot_adaptive,ISSUER_DECLINE,ISSUER_DECLINE,SWITCH_METHOD,APPROVED,True,FAILURE,False,False,0.0,4.0,4.0,-8.0,0.1202
72450448-54bf-3737-1076-43b1f193f3bd,TXN_3I5OMI8E4GI3,revpilot_adaptive,HARD_FUNDS_ISSUE,HARD_FUNDS_ISSUE,HUMAN_ESCALATION,ESCALATE,False,PENDING,False,False,0.0,0.0,0.0,0.0,0.0975
65adcaf8-97ca-599d-ad3c-97c3255c1c9c,TXN_XE1EX3ZVIVBP,revpilot_adaptive,DUPLICATE,DUPLICATE,DELAYED_RETRY,BLOCKED,False,ABANDONED,True,False,0.0,0.0,0.0,0.0,0.0958
abcfcf5f-7709-e4e4-3c3a-ff6f89d6ff04,TXN_TC1AJGQTL5HG,revpilot_adaptive,ISSUER_DECLINE,ISSUER_DECLINE,SWITCH_METHOD,APPROVED,True,FAILURE,False,False,0.0,4.0,4.0,-8.0,0.1138
594fd2aa-d24e-a974-17f3-685fe3c76677,TXN_UW9P9B54HWYX,revpilot_adaptive,FRAUD_SUSPECTED,FRAUD_SUSPECTED,IMMEDIATE_RETRY,BLOCKED,False,ABANDONED,True,False,0.0,0.0,0.0,0.0,0.0936
80a06d95-aea2-b2d3-df09-36685be1405e,TXN_URNOQXM7IOF1,revpilot_adaptive,HARD_FUNDS_ISSUE,HARD_FUNDS_ISSUE,SWITCH_METHOD,APPROVED,True,FAILURE,False,False,0.0,4.0,4.0,-8.0,0.1087
7fba16c9-602c-7851-34c7-a25c28361976,TXN_R8RCYOCZJSK0,revpilot_adaptive,UNKNOWN,UNKNOWN,HUMAN_ESCALATION,ESCALATE,False,PENDING,False,False,0.0,0.0,0.0,0.0,0.1006
5f13f91a-915b-055c-1722-273171e84628,TXN_T1A9Z3FU3PEE,revpilot_adaptive,DUPLICATE,DUPLICATE,HUMAN_ESCALATION,ESCALATE,False,PENDING,False,False,0.0,0.0,0.0,0.0,0.0927
b1c01f55-ac8f-2271-9ff0-8c329f3b9709,TXN_2M27URS0969M,revpilot_adaptive,HARD_FUNDS_ISSUE,HARD_FUNDS_ISSUE,DELAYED_RETRY,APPROVED,True,FAILURE,False,False,0.0,3.5,2.0,-5.5,0.1128
269cdf58-4713-d1b6-8ada-807a5c994fcb,TXN_DMR3YA3CCT8Q,revpilot_adaptive,HARD_FUNDS_ISSUE,HARD_FUNDS_ISSUE,PAYMENT_LINK,APPROVED,True,FAILURE,False,False,0.0,5.0,3.0,-8.0,0.1088
957902ee-9ea9-efbf-2226-1c4eb5ecbb8f,TXN_JHXZUKBKDB66,revpilot_adaptive,CUSTOMER_ABANDONMENT,CUSTOMER_ABANDONMENT,PAYMENT_LINK,APPROVED,True,SUCCESS,False,False,950.85,5.0,3.0,942.85,0.1169
67233c2d-260c-81fb-0bf8-571fcfd86336,TXN_FPX27N55E2AM,revpilot_adaptive,TIMEOUT_TRANSIENT,TIMEOUT_TRANSIENT,PAYMENT_LINK,APPROVED,True,SUCCESS,False,False,1429.05,5.0,3.0,1421.05,0.114
d7459cdd-b18a-cd4e-d2ed-e9e653f2a524,TXN_LK8XB5IFA5IW,revpilot_adaptive,TIMEOUT_TRANSIENT,TIMEOUT_TRANSIENT,IMMEDIATE_RETRY,APPROVED,True,SUCCESS,False,False,270.65,2.0,1.0,267.65,0.1156
2a807b75-deb9-2a3d-3fc4-196e1b86b59f,TXN_IFASJDI8IQZM,revpilot_adaptive,AUTH_BLOCKED,UNKNOWN,SWITCH_METHOD,BLOCKED,False,ABANDONED,False,False,0.0,0.0,0.0,0.0,0.1053
f60a4eb8-2f96-fb65-c973-74621ee13567,TXN_XHQLFY647P75,revpilot_adaptive,ISSUER_DECLINE,ISSUER_DECLINE,SWITCH_METHOD,BLOCKED,False,ABANDONED,True,False,0.0,0.0,0.0,0.0,0.1049
6350912a-793c-e3da-68f9-219e31cdb5fc,TXN_L74FJF1FQZW4,revpilot_adaptive,TIMEOUT_TRANSIENT,TIMEOUT_TRANSIENT,IMMEDIATE_RETRY,APPROVED,True,SUCCESS,False,False,2920.52,2.0,1.0,2917.52,0.1164
58b4aea1-271b-77fe-b4b0-0674d619cc40,TXN_GFN8CMYQR7K5,revpilot_adaptive,HARD_FUNDS_ISSUE,HARD_FUNDS_ISSUE,HUMAN_ESCALATION,ESCALATE,False,PENDING,False,False,0.0,0.0,0.0,0.0,0.0967
e621d07b-e50a-af08-f0aa-48a74d0de05c,TXN_5BHPG3D5J87Q,revpilot_adaptive,HARD_FUNDS_ISSUE,UNKNOWN,DELAYED_RETRY,BLOCKED,False,ABANDONED,False,False,0.0,0.0,0.0,0.0,0.1062
a11e7cae-f14b-acd3-000b-f442e5b302fa,TXN_SGDRUNOSJJGT,revpilot_adaptive,TIMEOUT_TRANSIENT,UNKNOWN,PAYMENT_LINK,BLOCKED,False,ABANDONED,False,False,0.0,0.0,0.0,0.0,0.0987
88803807-d822-e5b8-28e0-8e6cb73a7c3e,TXN_W73771J2K72O,revpilot_adaptive,INFRA_OUTAGE,UNKNOWN,IMMEDIATE_RETRY,BLOCKED,False,ABANDONED,False,False,0.0,0.0,0.0,0.0,0.1088
161f1e63-10c8-cbe3-b066-60bd59723f56,TXN_YK9LHZMBR0NK,revpilot_adaptive,HARD_FUNDS_ISSUE,HARD_FUNDS_ISSUE,PAYMENT_LINK,APPROVED,True,FAILURE,False,False,0.0,5.0,3.0,-8.0,0.1124
e1be1ad7-807a-b4a9-fc5b-451ac3ea94b9,TXN_GWOV3LG6YW5D,revpilot_adaptive,CUSTOMER_ABANDONMENT,UNKNOWN,IMMEDIATE_RETRY,BLOCKED,False,ABANDONED,False,False,0.0,0.0,0.0,0.0,0.0987
a047c137-1f51-888d-4269-5a737ae2a68f,TXN_0U65RVFJPZYZ,revpilot_adaptive,UNKNOWN,UNKNOWN,IMMEDIATE_RETRY,BLOCKED,False,ABANDONED,False,False,0.0,0.0,0.0,0.0,0.1036
94b2be8d-deb4-f0d4-55e0-3974ddbcca05,TXN_XW0IA3TYLGNE,revpilot_adaptive,TIMEOUT_TRANSIENT,TIMEOUT_TRANSIENT,IMMEDIATE_RETRY,APPROVED,True,SUCCESS,False,False,4276.57,2.0,1.0,4273.57,0.1166
2ded0e59-f6bc-d4f6-1b83-5fb996693b7a,TXN_MY4YP5S7V35J,revpilot_adaptive,HARD_FUNDS_ISSUE,HARD_FUNDS_ISSUE,HUMAN_ESCALATION,ESCALATE,False,PENDING,False,False,0.0,0.0,0.0,0.0,0.0965
bea042cf-15de-3d83-dcd7-ac0879502397,TXN_EOAWMN6OXZG4,revpilot_adaptive,HARD_FUNDS_ISSUE,HARD_FUNDS_ISSUE,PAYMENT_LINK,APPROVED,True,SUCCESS,False,False,3295.8,5.0,3.0,3287.8,0.1078
af68f6bb-70b6-b9a9-0d43-a06ec94b9cf9,TXN_LQZQXINLTZZK,revpilot_adaptive,DUPLICATE,DUPLICATE,IMMEDIATE_RETRY,BLOCKED,False,ABANDONED,True,False,0.0,0.0,0.0,0.0,0.0934
cd36ddeb-13e1-d8e1-12e1-85d3958173cb,TXN_8FHZ02ERXGP6,revpilot_adaptive,HARD_FUNDS_ISSUE,HARD_FUNDS_ISSUE,HUMAN_ESCALATION,ESCALATE,False,PENDING,False,False,0.0,0.0,0.0,0.0,0.1059
f35fac28-7d34-c95a-121c-200d870d9e20,TXN_PY2I1B80F5AD,revpilot_adaptive,TIMEOUT_TRANSIENT,TIMEOUT_TRANSIENT,IMMEDIATE_RETRY,APPROVED,True,SUCCESS,False,False,62.25,2.0,1.0,59.25,0.1552
1bb3edab-1faf-5af2-c0bb-dcfdfd7df5e8,TXN_7LOIAQ120G9S,revpilot_adaptive,ISSUER_DECLINE,ISSUER_DECLINE,IMMEDIATE_RETRY,APPROVED,True,FAILURE,False,False,0.0,2.0,1.0,-3.0,0.1286
7ec5e68b-f575-a4e6-8aa1-f1d6ecfe648b,TXN_KCLTU0P61N1D,revpilot_adaptive,ISSUER_DECLINE,ISSUER_DECLINE,SWITCH_METHOD,APPROVED,True,FAILURE,False,False,0.0,4.0,4.0,-8.0,0.1293
1267b967-425e-d2f2-4238-6b6f348f80ef,TXN_CDGD1V1L2QCG,revpilot_adaptive,TIMEOUT_TRANSIENT,TIMEOUT_TRANSIENT,SWITCH_METHOD,APPROVED,True,FAILURE,False,False,0.0,4.0,4.0,-8.0,0.1226
b670d913-6d35-37f3-1f7f-7d4f0cbc209f,TXN_C26WMJ9VCYR7,revpilot_adaptive,UNKNOWN,UNKNOWN,IMMEDIATE_RETRY,BLOCKED,False,ABANDONED,False,False,0.0,0.0,0.0,0.0,0.1206
19e679fc-86d1-6256-bd49-e416a233115c,TXN_9PQDSNJH3705,revpilot_adaptive,HARD_FUNDS_ISSUE,HARD_FUNDS_ISSUE,PAYMENT_LINK,APPROVED,True,FAILURE,False,False,0.0,5.0,3.0,-8.0,0.1367
931aadcb-7c37-6517-4c98-7577f1ef15a9,TXN_U3WOPJ3FDGPG,revpilot_adaptive,HARD_FUNDS_ISSUE,HARD_FUNDS_ISSUE,SWITCH_METHOD,APPROVED,True,SUCCESS,False,False,71.25,4.0,4.0,63.25,0.1218
70e9eb97-5b24-1956-10ec-cc8a292126b9,TXN_B8OD4JH6LGQ4,revpilot_adaptive,INFRA_OUTAGE,INFRA_OUTAGE,DELAYED_RETRY,APPROVED,True,SUCCESS,False,False,97.95,3.5,2.0,92.45,0.1165
1db6e87b-b3ec-131f-56ff-b24f94e824ba,TXN_U38XVBBXBTCX,revpilot_adaptive,UNKNOWN,UNKNOWN,SWITCH_METHOD,BLOCKED,False,ABANDONED,False,False,0.0,0.0,0.0,0.0,0.1036
a8014efc-8310-0240-5d5c-4f5ba2813c8b,TXN_FDXL2JOJAO57,revpilot_adaptive,CUSTOMER_ABANDONMENT,CUSTOMER_ABANDONMENT,SWITCH_METHOD,APPROVED,True,SUCCESS,False,False,141.39,4.0,4.0,133.39,0.1188
c33b6b9e-f8f1-57bf-ce3e-daa6b143e445,TXN_QJ292IWA78NI,revpilot_adaptive,CUSTOMER_ABANDONMENT,CUSTOMER_ABANDONMENT,PAYMENT_LINK,APPROVED,True,SUCCESS,False,False,4916.39,5.0,3.0,4908.39,0.1167
2381f6b9-b1ac-375d-6c13-4dc1a01cbd6b,TXN_OT4E790EXPZ0,revpilot_adaptive,TIMEOUT_TRANSIENT,TIMEOUT_TRANSIENT,DELAYED_RETRY,APPROVED,True,FAILURE,False,False,0.0,3.5,2.0,-5.5,0.1174
b6e48c63-f5d7-c214-75e8-8ac3cdc4dccf,TXN_EJ36OD1A8XCH,revpilot_adaptive,TIMEOUT_TRANSIENT,TIMEOUT_TRANSIENT,IMMEDIATE_RETRY,APPROVED,True,FAILURE,False,False,0.0,2.0,1.0,-3.0,0.1165
35d0f0f7-999c-401e-3a04-dd662283b5a5,TXN_XD69M30KN5D2,revpilot_adaptive,TIMEOUT_TRANSIENT,TIMEOUT_TRANSIENT,PAYMENT_LINK,APPROVED,True,FAILURE,False,False,0.0,5.0,3.0,-8.0,0.1208
0cf0cff9-0a53-36b6-e082-9c726ff6ee6e,TXN_LOAN0N3BM7TA,revpilot_adaptive,AUTH_BLOCKED,AUTH_BLOCKED,IMMEDIATE_RETRY,APPROVED,True,FAILURE,False,False,0.0,2.0,1.0,-3.0,0.1275
baab1ec5-b6e6-4ff7-66f8-622914b57082,TXN_42LF87GBM4HX,revpilot_adaptive,TIMEOUT_TRANSIENT,TIMEOUT_TRANSIENT,IMMEDIATE_RETRY,APPROVED,True,FAILURE,False,False,0.0,2.0,1.0,-3.0,0.1118
62b93316-3d9e-994e-dcc2-39d99dceb12f,TXN_AP3KC2K44F97,revpilot_adaptive,TIMEOUT_TRANSIENT,TIMEOUT_TRANSIENT,IMMEDIATE_RETRY,APPROVED,True,SUCCESS,False,False,404.19,2.0,1.0,401.19,0.1159
59dd2562-a3ae-85c2-4281-10f0c14fed0a,TXN_26KX9FKBK9D1,revpilot_adaptive,INFRA_OUTAGE,INFRA_OUTAGE,DELAYED_RETRY,APPROVED,True,SUCCESS,False,False,1482.33,3.5,2.0,1476.83,0.1105
b80b4595-bd49-eca4-6b56-3e45cedfef74,TXN_M1NSRZKABCBG,revpilot_adaptive,ISSUER_DECLINE,ISSUER_DECLINE,SWITCH_METHOD,APPROVED,True,FAILURE,False,False,0.0,4.0,4.0,-8.0,0.1161
72f3946b-4a8e-89a8-d7da-dba700ab9851,TXN_MA8HS04QL4FQ,revpilot_adaptive,AUTH_BLOCKED,AUTH_BLOCKED,DELAYED_RETRY,APPROVED,True,FAILURE,False,False,0.0,3.5,2.0,-5.5,0.1087
633717a1-9730-f3c6-5aa0-1ff2e7d419d2,TXN_S3UFHWWOC27R,revpilot_adaptive,HARD_FUNDS_ISSUE,HARD_FUNDS_ISSUE,HUMAN_ESCALATION,ESCALATE,False,PENDING,False,False,0.0,0.0,0.0,0.0,0.0971
62cd4719-bb02-aa1c-4806-c6298bec0b68,TXN_T2HV1RSE9ODP,revpilot_adaptive,TIMEOUT_TRANSIENT,TIMEOUT_TRANSIENT,DELAYED_RETRY,APPROVED,True,SUCCESS,False,False,15789.14,3.5,2.0,15783.64,0.1166
4d0b0c33-40f4-26c9-39e8-48c9d498f26e,TXN_XJ9A5KGUH91B,revpilot_adaptive,ISSUER_DECLINE,ISSUER_DECLINE,SWITCH_METHOD,APPROVED,True,FAILURE,False,False,0.0,4.0,4.0,-8.0,0.1119
e2570a69-3e30-2ba2-ee4c-63721e947050,TXN_YM0662X2K3X6,revpilot_adaptive,AUTH_BLOCKED,AUTH_BLOCKED,DELAYED_RETRY,BLOCKED,False,ABANDONED,True,False,0.0,0.0,0.0,0.0,0.0971
a6498a65-3be4-5be4-71c4-ecb72fff3318,TXN_E90V0LTTWVS7,revpilot_adaptive,TIMEOUT_TRANSIENT,TIMEOUT_TRANSIENT,DELAYED_RETRY,APPROVED,True,SUCCESS,False,False,2384.46,3.5,2.0,2378.96,0.1125
4e6ab467-6439-1f45-7e15-1abe279a61e3,TXN_OJNMCEM27B6N,revpilot_adaptive,FRAUD_SUSPECTED,FRAUD_SUSPECTED,DELAYED_RETRY,BLOCKED,False,ABANDONED,True,False,0.0,0.0,0.0,0.0,0.0901
f5ada0fa-c4bc-3012-8862-b2fcf62e7eec,TXN_7ZWFIK0XC9GJ,revpilot_adaptive,HARD_FUNDS_ISSUE,HARD_FUNDS_ISSUE,PAYMENT_LINK,APPROVED,True,SUCCESS,False,False,376.44,5.0,3.0,368.44,0.1133
90ba0e0f-facf-1034-ff3d-cc9605c3a9b3,TXN_FA0OTY6RC9V0,revpilot_adaptive,TIMEOUT_TRANSIENT,TIMEOUT_TRANSIENT,IMMEDIATE_RETRY,APPROVED,True,SUCCESS,False,False,2195.81,2.0,1.0,2192.81,0.111
88c2ea7a-dd7e-ea11-fd1d-0417ae25a526,TXN_EWOVZ1R3R21M,revpilot_adaptive,DUPLICATE,DUPLICATE,IMMEDIATE_RETRY,BLOCKED,False,ABANDONED,True,False,0.0,0.0,0.0,0.0,0.0914
374e3356-35cd-ea27-7064-0148027dee37,TXN_27F0Y6PYSKML,revpilot_adaptive,HARD_FUNDS_ISSUE,HARD_FUNDS_ISSUE,SWITCH_METHOD,APPROVED,True,FAILURE,False,False,0.0,4.0,4.0,-8.0,0.1093
0d713608-e28f-436d-1d64-703059813bc5,TXN_IZ9SMDL9QZAH,revpilot_adaptive,TIMEOUT_TRANSIENT,TIMEOUT_TRANSIENT,DELAYED_RETRY,APPROVED,True,SUCCESS,False,False,2602.08,3.5,2.0,2596.58,0.1138
f46800c4-b4e3-68c5-f046-57d7c6dc3c4c,TXN_XIG1NCG8R3TO,revpilot_adaptive,AUTH_BLOCKED,UNKNOWN,DELAYED_RETRY,BLOCKED,False,ABANDONED,False,False,0.0,0.0,0.0,0.0,0.1001
511be1b7-c448-8193-d108-320c2c8dd7d2,TXN_S9M2D6HILIOF,revpilot_adaptive,UNKNOWN,ISSUER_DECLINE,SWITCH_METHOD,APPROVED,True,FAILURE,False,False,0.0,4.0,4.0,-8.0,0.1183
d62d8efd-e396-d61d-14b5-705cccffd981,TXN_BM2SWFNW3D3I,revpilot_adaptive,AUTH_BLOCKED,AUTH_BLOCKED,SWITCH_METHOD,APPROVED,True,FAILURE,False,False,0.0,4.0,4.0,-8.0,0.1091
4a74600d-ecae-ffbf-2915-0886c31e72d6,TXN_FI10XMMFTDLQ,revpilot_adaptive,CUSTOMER_ABANDONMENT,CUSTOMER_ABANDONMENT,DELAYED_RETRY,APPROVED,True,FAILURE,False,False,0.0,3.5,2.0,-5.5,0.1183
cc2638e8-cd07-2edb-d4c4-b1b6cdd91df9,TXN_EDHAYDC1WUBD,revpilot_adaptive,DUPLICATE,DUPLICATE,HUMAN_ESCALATION,ESCALATE,False,PENDING,False,False,0.0,0.0,0.0,0.0,0.114
75c57087-5bb5-53a0-5d7f-fc26150464d8,TXN_16FAVF3UBRYU,revpilot_adaptive,AUTH_BLOCKED,AUTH_BLOCKED,DELAYED_RETRY,APPROVED,True,FAILURE,False,False,0.0,3.5,2.0,-5.5,0.1086
381481f8-54af-7ab4-e59a-0a5c2d429084,TXN_AU9T58F9BU47,revpilot_adaptive,HARD_FUNDS_ISSUE,HARD_FUNDS_ISSUE,DELAYED_RETRY,APPROVED,True,SUCCESS,False,False,92242.82,3.5,2.0,92237.32,0.1095
209e27d1-9b4c-777e-3dfd-192feab17ae0,TXN_B6DNKP0KAPQP,revpilot_adaptive,TIMEOUT_TRANSIENT,TIMEOUT_TRANSIENT,IMMEDIATE_RETRY,APPROVED,True,SUCCESS,False,False,4905.98,2.0,1.0,4902.98,0.1129
eb218cdd-b5c3-dca9-aa95-8c4eeafc4408,TXN_XWIKWFUUFDIM,revpilot_adaptive,HARD_FUNDS_ISSUE,HARD_FUNDS_ISSUE,PAYMENT_LINK,APPROVED,True,SUCCESS,False,False,4538.44,5.0,3.0,4530.44,0.1078
a544a1ac-833c-d06f-ec3f-8af456eccd4d,TXN_1UBE3WLWJ1B0,revpilot_adaptive,CUSTOMER_ABANDONMENT,CUSTOMER_ABANDONMENT,SWITCH_METHOD,APPROVED,True,FAILURE,False,False,0.0,4.0,4.0,-8.0,0.1148
e113b381-bec4-ce78-c1ad-eb51221ab580,TXN_Z0HMNVNFSRM0,revpilot_adaptive,AUTH_BLOCKED,AUTH_BLOCKED,HUMAN_ESCALATION,ESCALATE,False,PENDING,False,False,0.0,0.0,0.0,0.0,0.0948
6ad47b86-b4f6-da6d-d2a4-78ba90d725a4,TXN_FPOJG64GHDZ5,revpilot_adaptive,DUPLICATE,DUPLICATE,IMMEDIATE_RETRY,BLOCKED,False,ABANDONED,True,False,0.0,0.0,0.0,0.0,0.0951
6942465e-1f05-22e0-c228-75ba9a1cfcbf,TXN_VT897GRYO7L0,revpilot_adaptive,TIMEOUT_TRANSIENT,TIMEOUT_TRANSIENT,SWITCH_METHOD,APPROVED,True,FAILURE,False,False,0.0,4.0,4.0,-8.0,0.1173
357db9eb-b490-8dd5-a2db-8361bfe8eba4,TXN_HCWSSXDYHA7O,revpilot_adaptive,CUSTOMER_ABANDONMENT,CUSTOMER_ABANDONMENT,HUMAN_ESCALATION,ESCALATE,False,PENDING,False,False,0.0,0.0,0.0,0.0,0.1037
49e8cdf5-a014-cc9d-2057-d113a9aa41ee,TXN_STUIF16F10D6,revpilot_adaptive,AUTH_BLOCKED,UNKNOWN,IMMEDIATE_RETRY,BLOCKED,False,ABANDONED,False,False,0.0,0.0,0.0,0.0,0.1051
99b05867-f63d-4781-c275-a6c1836ca016,TXN_5RMS7LZ9T6KW,revpilot_adaptive,AUTH_BLOCKED,AUTH_BLOCKED,IMMEDIATE_RETRY,APPROVED,True,SUCCESS,False,False,2937.27,2.0,1.0,2934.27,0.1124
42541bc6-60d8-c1af-eb8e-0b7145cc881f,TXN_NF8OEC3D1KM3,revpilot_adaptive,TIMEOUT_TRANSIENT,TIMEOUT_TRANSIENT,IMMEDIATE_RETRY,APPROVED,True,SUCCESS,False,False,4736.94,2.0,1.0,4733.94,0.1163
3ab13875-054b-3a4a-de99-352076751c43,TXN_4K7LCOJ58AAD,revpilot_adaptive,TIMEOUT_TRANSIENT,TIMEOUT_TRANSIENT,IMMEDIATE_RETRY,APPROVED,True,SUCCESS,False,False,192.29,2.0,1.0,189.29,0.1094
bb81d612-2827-f306-faa5-2caa0ac0da1b,TXN_UAC94TTV416E,revpilot_adaptive,HARD_FUNDS_ISSUE,HARD_FUNDS_ISSUE,PAYMENT_LINK,APPROVED,True,FAILURE,False,False,0.0,5.0,3.0,-8.0,0.1077
b5feb425-6a3a-a6d5-645e-7b1fe7da88be,TXN_2E3B4BOD4EY5,revpilot_adaptive,INFRA_OUTAGE,INFRA_OUTAGE,PAYMENT_LINK,APPROVED,True,SUCCESS,False,False,3597.22,5.0,3.0,3589.22,0.1055
70ab39a1-5af6-359d-1cb4-60b8c70a4ca8,TXN_PCVK0Z2N9P17,revpilot_adaptive,FRAUD_SUSPECTED,FRAUD_SUSPECTED,IMMEDIATE_RETRY,BLOCKED,False,ABANDONED,True,False,0.0,0.0,0.0,0.0,0.0921
42ccb542-4053-dd23-3fb7-aef077563ede,TXN_PYCYZ7H3VGSY,revpilot_adaptive,HARD_FUNDS_ISSUE,UNKNOWN,DELAYED_RETRY,BLOCKED,False,ABANDONED,False,False,0.0,0.0,0.0,0.0,0.1041
0406ebff-be63-9201-c8e4-5a00332534ab,TXN_2ST8XELYOCR1,revpilot_adaptive,HARD_FUNDS_ISSUE,HARD_FUNDS_ISSUE,HUMAN_ESCALATION,ESCALATE,False,PENDING,False,False,0.0,0.0,0.0,0.0,0.0942
cec5c6f9-6e5b-f221-fdfa-17aab3435640,TXN_XKWNRK2STV7Y,revpilot_adaptive,TIMEOUT_TRANSIENT,TIMEOUT_TRANSIENT,IMMEDIATE_RETRY,APPROVED,True,SUCCESS,False,False,1985.9,2.0,1.0,1982.9,0.1136
6157e667-5852-ac47-8177-aa71d0ad5f68,TXN_SJ36PSRAXOEU,revpilot_adaptive,TIMEOUT_TRANSIENT,TIMEOUT_TRANSIENT,DELAYED_RETRY,APPROVED,True,FAILURE,False,False,0.0,3.5,2.0,-5.5,0.2211
402a2fb2-948c-35d1-7524-2c9bacb29c2f,TXN_RIQ2YH5Z1KCR,revpilot_adaptive,AUTH_BLOCKED,UNKNOWN,SWITCH_METHOD,BLOCKED,False,ABANDONED,False,False,0.0,0.0,0.0,0.0,0.1021
